,Province/State,country,latest_hosp_beds_per_1000,latest_doctors_per_1000,GDP_per_capita,SPAR_index,IVDI_score,city_pop,effective_dist,geo_dist,ann_pass_flux,connected_airports,1/10/20,1/22/20,1/23/20,1/24/20,1/25/20,1/26/20,1/27/20,1/28/20,1/29/20,1/30/20,1/31/20,12/08/19,12/11/19,12/12/19,12/15/19,12/17/19,12/18/19,12/19/19,12/20/19,12/21/19,12/22/19,12/23/19,12/24/19,12/25/19,12/26/19,12/27/19,12/28/19,12/29/19,12/30/19,12/31/19,2/1/20,2/10/20,2/11/20,2/12/20,2/13/20,2/14/20,2/15/20,2/16/20,2/17/20,2/18/20,2/19/20,2/2/20,2/20/20,2/21/20,2/22/20,2/23/20,2/24/20,2/25/20,2/26/20,2/27/20,2/28/20,2/29/20,2/3/20,2/4/20,2/5/20,2/6/20,2/7/20,2/8/20,2/9/20,3/1/20,3/2/20,3/3/20,3/4/20,Lat,Long,12/09/19,12/10/19,12/13/19,12/14/19,12/16/19,01/01/20,01/02/20,01/03/20,01/04/20,01/05/20,01/06/20,01/07/20,01/08/20,01/09/20,01/11/20,01/12/20,01/13/20,01/14/20,01/15/20,01/16/20,01/17/20,01/18/20,01/19/20,01/20/20,01/21/20
0," Montreal, QC",Canada,2.7,2.6101999999999994,48130.25597250428,99.46153846153848,0.8893884466250003,1995.696832908799,13.93570326153846,11728.445145384614,3350359.076923077,31.884615384615383,0.0,0.0,0.0,0.0,0.0,0.0,0.0,0.0,0.0,0.0,0.0,0.0,0.0,0.0,0.0,0.0,0.0,0.0,0.0,0.0,0.0,0.0,0.0,0.0,0.0,0.0,0.0,0.0,0.0,0.0,0.0,0.0,0.0,0.0,0.0,0.0,0.0,0.0,0.0,0.0,0.0,0.0,0.0,0.0,0.0,0.0,0.0,0.0,0.0,0.0,1.0,1.0,0.0,0.0,0.0,0.0,0.0,0.0,0.0,1.0,1.0,1.0,1.0,45.501700000000014,-73.56730000000002,0,0,0,0,0,0,0,0,0,0,0,0,0,0,0,0,0,0,0,0,0,0,0,0,0
1," Norfolk County, MA",United States,2.899999999999999,2.5947999999999998,62794.585652239824,91.0,0.81974486875,2084.068239402477,14.142468242941177,11897.471940588233,7638051.970588235,53.76470588235294,0.0,0.0,0.0,0.0,0.0,0.0,0.0,0.0,0.0,0.0,0.0,0.0,0.0,0.0,0.0,0.0,0.0,0.0,0.0,0.0,0.0,0.0,0.0,0.0,0.0,0.0,0.0,0.0,0.0,0.0,0.0,0.0,0.0,0.0,0.0,0.0,0.0,0.0,0.0,0.0,0.0,0.0,0.0,0.0,0.0,0.0,0.0,0.0,0.0,0.0,0.0,0.0,0.0,0.0,0.0,0.0,0.0,0.0,0.0,0.0,0.0,1.0,1.0,42.17669999999999,-71.1449,0,0,0,0,0,0,0,0,0,0,0,0,0,0,0,0,0,0,0,0,0,0,0,0,0
2,0,Afghanistan,0.5,0.284,1955.0062077555701,34.0,0.25700206275,1504.4899500000001,11.685906175000001,4518.857542,636389.0,11.5,0.0,0.0,0.0,0.0,0.0,0.0,0.0,0.0,0.0,0.0,0.0,0.0,0.0,0.0,0.0,0.0,0.0,0.0,0.0,0.0,0.0,0.0,0.0,0.0,0.0,0.0,0.0,0.0,0.0,0.0,0.0,0.0,0.0,0.0,0.0,0.0,0.0,0.0,0.0,0.0,0.0,0.0,0.0,0.0,0.0,0.0,1.0,1.0,1.0,1.0,1.0,1.0,0.0,0.0,0.0,0.0,0.0,0.0,0.0,1.0,1.0,1.0,1.0,33.0,65.0,0,0,0,0,0,0,0,0,0,0,0,0,0,0,0,0,0,0,0,0,0,0,0,0,0
3,0,Andorra,2.5,3.3333,13536.794828764603,36.69230769230771,0.6793771903749999,1263.1297190814557,13.056519919652178,9331.330123347823,4389788.804347826,59.95652173913044,0.0,0.0,0.0,0.0,0.0,0.0,0.0,0.0,0.0,0.0,0.0,0.0,0.0,0.0,0.0,0.0,0.0,0.0,0.0,0.0,0.0,0.0,0.0,0.0,0.0,0.0,0.0,0.0,0.0,0.0,0.0,0.0,0.0,0.0,0.0,0.0,0.0,0.0,0.0,0.0,0.0,0.0,0.0,0.0,0.0,0.0,0.0,0.0,0.0,0.0,0.0,0.0,0.0,0.0,0.0,0.0,0.0,0.0,0.0,0.0,1.0,1.0,1.0,42.5063,1.5217999999999996,0,0,0,0,0,0,0,0,0,0,0,0,0,0,0,0,0,0,0,0,0,0,0,0,0
4,0,Argentina,5.0,3.96,20610.5685495282,64.38461538461539,0.670944938,533.1491666666667,17.576554725,19082.183445,307808.5,3.0,0.0,0.0,0.0,0.0,0.0,0.0,0.0,0.0,0.0,0.0,0.0,0.0,0.0,0.0,0.0,0.0,0.0,0.0,0.0,0.0,0.0,0.0,0.0,0.0,0.0,0.0,0.0,0.0,0.0,0.0,0.0,0.0,0.0,0.0,0.0,0.0,0.0,0.0,0.0,0.0,0.0,0.0,0.0,0.0,0.0,0.0,0.0,0.0,0.0,0.0,0.0,0.0,0.0,0.0,0.0,0.0,0.0,0.0,0.0,0.0,0.0,1.0,1.0,-38.4161,-63.6167,0,0,0,0,0,0,0,0,0,0,0,0,0,0,0,0,0,0,0,0,0,0,0,0,0
5,0,Armenia,4.200000000000001,2.8990000000000005,10343.1755901515,83.30769230769228,0.6858538102500001,881.6284941478191,13.233242700714285,6357.082016857143,730706.2142857143,18.857142857142858,0.0,0.0,0.0,0.0,0.0,0.0,0.0,0.0,0.0,0.0,0.0,0.0,0.0,0.0,0.0,0.0,0.0,0.0,0.0,0.0,0.0,0.0,0.0,0.0,0.0,0.0,0.0,0.0,0.0,0.0,0.0,0.0,0.0,0.0,0.0,0.0,0.0,0.0,0.0,0.0,0.0,0.0,0.0,0.0,0.0,0.0,0.0,0.0,0.0,0.0,0.0,0.0,0.0,0.0,0.0,0.0,0.0,0.0,0.0,1.0,1.0,1.0,1.0,40.0691,45.0382,0,0,0,0,0,0,0,0,0,0,0,0,0,0,0,0,0,0,0,0,0,0,0,0,0
6,0,Austria,7.599999999999998,5.144100000000002,55454.68929328903,58.69230769230767,0.8433573639999995,794.6909323874114,13.059131396486487,8300.638929648649,3486068.891891892,60.567567567567565,0.0,0.0,0.0,0.0,0.0,0.0,0.0,0.0,0.0,0.0,0.0,0.0,0.0,0.0,0.0,0.0,0.0,0.0,0.0,0.0,0.0,0.0,0.0,0.0,0.0,0.0,0.0,0.0,0.0,0.0,0.0,0.0,0.0,0.0,0.0,0.0,0.0,0.0,0.0,0.0,0.0,0.0,0.0,0.0,0.0,0.0,0.0,2.0,2.0,3.0,3.0,9.0,0.0,0.0,0.0,0.0,0.0,0.0,0.0,14.0,18.0,21.0,29.0,47.51620000000002,14.550099999999992,0,0,0,0,0,0,0,0,0,0,0,0,0,0,0,0,0,0,0,0,0,0,0,0,0
7,0,Azerbaijan,4.7,3.4466,18044.1367837983,83.30769230769228,0.565072612375,877.9350047681786,13.052980775714287,6189.096157857142,803371.2857142857,24.642857142857142,0.0,0.0,0.0,0.0,0.0,0.0,0.0,0.0,0.0,0.0,0.0,0.0,0.0,0.0,0.0,0.0,0.0,0.0,0.0,0.0,0.0,0.0,0.0,0.0,0.0,0.0,0.0,0.0,0.0,0.0,0.0,0.0,0.0,0.0,0.0,0.0,0.0,0.0,0.0,0.0,0.0,0.0,0.0,0.0,0.0,0.0,0.0,0.0,0.0,0.0,0.0,0.0,0.0,0.0,0.0,0.0,0.0,0.0,0.0,3.0,3.0,3.0,3.0,40.1431,47.57690000000001,0,0,0,0,0,0,0,0,0,0,0,0,0,0,0,0,0,0,0,0,0,0,0,0,0
8,0,Bahrain,2.0,0.9256999999999997,47303.048506289495,88.30769230769228,0.6627189713749999,1270.2031614374514,12.831258466,6062.194533299999,10156674.5,67.55,0.0,0.0,0.0,0.0,0.0,0.0,0.0,0.0,0.0,0.0,0.0,0.0,0.0,0.0,0.0,0.0,0.0,0.0,0.0,0.0,0.0,0.0,0.0,0.0,0.0,0.0,0.0,0.0,0.0,0.0,0.0,0.0,0.0,0.0,0.0,0.0,0.0,0.0,0.0,0.0,0.0,0.0,0.0,0.0,0.0,0.0,1.0,23.0,33.0,33.0,36.0,41.0,0.0,0.0,0.0,0.0,0.0,0.0,0.0,47.0,49.0,49.0,52.0,26.027499999999996,50.550000000000004,0,0,0,0,0,0,0,0,0,0,0,0,0,0,0,0,0,0,0,0,0,0,0,0,0
9,0,Belarus,11.0,4.0772,19994.804078800502,60.46323841903954,0.6335598316250001,763.069248747984,13.22335339875,7218.076094,2318545.9375,58.125,0.0,0.0,0.0,0.0,0.0,0.0,0.0,0.0,0.0,0.0,0.0,0.0,0.0,0.0,0.0,0.0,0.0,0.0,0.0,0.0,0.0,0.0,0.0,0.0,0.0,0.0,0.0,0.0,0.0,0.0,0.0,0.0,0.0,0.0,0.0,0.0,0.0,0.0,0.0,0.0,0.0,0.0,0.0,0.0,0.0,0.0,0.0,0.0,0.0,0.0,1.0,1.0,0.0,0.0,0.0,0.0,0.0,0.0,0.0,1.0,1.0,1.0,6.0,53.70979999999999,27.953399999999995,0,0,0,0,0,0,0,0,0,0,0,0,0,0,0,0,0,0,0,0,0,0,0,0,0
10,0,Belgium,6.199999999999995,3.323400000000002,51407.99833734143,79.53846153846146,0.8075743116249998,1039.926788701405,13.416155082418602,8676.69207827907,7142982.23255814,84.1046511627907,0.0,0.0,0.0,0.0,0.0,0.0,0.0,0.0,0.0,0.0,0.0,0.0,0.0,0.0,0.0,0.0,0.0,0.0,0.0,0.0,0.0,0.0,0.0,0.0,0.0,0.0,0.0,0.0,0.0,0.0,0.0,1.0,1.0,1.0,1.0,1.0,1.0,1.0,1.0,1.0,1.0,0.0,1.0,1.0,1.0,1.0,1.0,1.0,1.0,1.0,1.0,1.0,0.0,1.0,1.0,1.0,1.0,1.0,1.0,2.0,8.0,13.0,23.0,50.833299999999994,4.0,0,0,0,0,0,0,0,0,0,0,0,0,0,0,0,0,0,0,0,0,0,0,0,0,0
11,0,Brazil,2.2,2.1499,16096.4009621464,86.6923076923077,0.6636115785000001,1129.2910634920636,16.00037673,17783.59789,5076740.333333333,24.333333333333332,0.0,0.0,0.0,0.0,0.0,0.0,0.0,0.0,0.0,0.0,0.0,0.0,0.0,0.0,0.0,0.0,0.0,0.0,0.0,0.0,0.0,0.0,0.0,0.0,0.0,0.0,0.0,0.0,0.0,0.0,0.0,0.0,0.0,0.0,0.0,0.0,0.0,0.0,0.0,0.0,0.0,0.0,0.0,0.0,0.0,0.0,0.0,0.0,1.0,1.0,1.0,2.0,0.0,0.0,0.0,0.0,0.0,0.0,0.0,2.0,2.0,2.0,4.0,-14.235,-51.9253,0,0,0,0,0,0,0,0,0,0,0,0,0,0,0,0,0,0,0,0,0,0,0,0,0
12,0,Cambodia,0.7999999999999999,0.16819999999999996,4360.854404455661,45.6153846153846,0.37804787425,2004.5325201819785,10.459424221444444,2220.9123660000005,1910311.388888889,12.88888888888889,0.0,0.0,0.0,0.0,0.0,0.0,1.0,1.0,1.0,1.0,1.0,0.0,0.0,0.0,0.0,0.0,0.0,0.0,0.0,0.0,0.0,0.0,0.0,0.0,0.0,0.0,0.0,0.0,0.0,0.0,1.0,1.0,1.0,1.0,1.0,1.0,1.0,1.0,1.0,1.0,1.0,1.0,1.0,1.0,1.0,1.0,1.0,1.0,1.0,1.0,1.0,1.0,1.0,1.0,1.0,1.0,1.0,1.0,1.0,1.0,1.0,1.0,1.0,11.549999999999999,104.9167,0,0,0,0,0,0,0,0,0,0,0,0,0,0,0,0,0,0,0,0,0,0,0,0,0
13,0,Chile,2.2,1.08,25222.527777144904,74.07692307692308,0.74369778175,1303.6544375,15.4432009125,19185.024015,586382.75,4.375,0.0,0.0,0.0,0.0,0.0,0.0,0.0,0.0,0.0,0.0,0.0,0.0,0.0,0.0,0.0,0.0,0.0,0.0,0.0,0.0,0.0,0.0,0.0,0.0,0.0,0.0,0.0,0.0,0.0,0.0,0.0,0.0,0.0,0.0,0.0,0.0,0.0,0.0,0.0,0.0,0.0,0.0,0.0,0.0,0.0,0.0,0.0,0.0,0.0,0.0,0.0,0.0,0.0,0.0,0.0,0.0,0.0,0.0,0.0,0.0,0.0,1.0,1.0,-35.6751,-71.543,0,0,0,0,0,0,0,0,0,0,0,0,0,0,0,0,0,0,0,0,0,0,0,0,0
14,0,Croatia,5.599999999999997,2.9962000000000013,27579.78083273818,73.15384615384617,0.7040554465000001,792.3025449240515,13.221487707567565,8329.26630181081,3210565.391891892,54.891891891891895,0.0,0.0,0.0,0.0,0.0,0.0,0.0,0.0,0.0,0.0,0.0,0.0,0.0,0.0,0.0,0.0,0.0,0.0,0.0,0.0,0.0,0.0,0.0,0.0,0.0,0.0,0.0,0.0,0.0,0.0,0.0,0.0,0.0,0.0,0.0,0.0,0.0,0.0,0.0,0.0,0.0,0.0,0.0,0.0,0.0,0.0,0.0,1.0,3.0,3.0,5.0,6.0,0.0,0.0,0.0,0.0,0.0,0.0,0.0,7.0,7.0,9.0,10.0,45.09999999999998,15.199999999999996,0,0,0,0,0,0,0,0,0,0,0,0,0,0,0,0,0,0,0,0,0,0,0,0,0
15,0,Czechia,6.5,4.3139999999999965,39743.59709414162,66.92307692307692,0.8198605721250007,778.2786084815217,13.10524517727273,8079.351362969698,4263844.833333333,64.03030303030303,0.0,0.0,0.0,0.0,0.0,0.0,0.0,0.0,0.0,0.0,0.0,0.0,0.0,0.0,0.0,0.0,0.0,0.0,0.0,0.0,0.0,0.0,0.0,0.0,0.0,0.0,0.0,0.0,0.0,0.0,0.0,0.0,0.0,0.0,0.0,0.0,0.0,0.0,0.0,0.0,0.0,0.0,0.0,0.0,0.0,0.0,0.0,0.0,0.0,0.0,0.0,0.0,0.0,0.0,0.0,0.0,0.0,0.0,0.0,3.0,3.0,5.0,8.0,49.81750000000004,15.47300000000001,0,0,0,0,0,0,0,0,0,0,0,0,0,0,0,0,0,0,0,0,0,0,0,0,0
16,0,Denmark,2.5,4.456699999999999,55671.1652650668,96.38461538461543,0.8747410568749997,959.5593111200925,13.31947376809524,7995.445108285714,3433885.0476190476,48.45238095238095,0.0,0.0,0.0,0.0,0.0,0.0,0.0,0.0,0.0,0.0,0.0,0.0,0.0,0.0,0.0,0.0,0.0,0.0,0.0,0.0,0.0,0.0,0.0,0.0,0.0,0.0,0.0,0.0,0.0,0.0,0.0,0.0,0.0,0.0,0.0,0.0,0.0,0.0,0.0,0.0,0.0,0.0,0.0,0.0,0.0,0.0,0.0,0.0,0.0,1.0,1.0,3.0,0.0,0.0,0.0,0.0,0.0,0.0,0.0,4.0,4.0,6.0,10.0,56.2639,9.501800000000001,0,0,0,0,0,0,0,0,0,0,0,0,0,0,0,0,0,0,0,0,0,0,0,0,0
17,0,Dominican Republic,1.5999999999999999,1.5600000000000003,17748.1853186175,47.6153846153846,0.5287814488749999,1755.4971285714287,13.35763040714286,14447.994391428572,1657788.7142857143,28.5,0.0,0.0,0.0,0.0,0.0,0.0,0.0,0.0,0.0,0.0,0.0,0.0,0.0,0.0,0.0,0.0,0.0,0.0,0.0,0.0,0.0,0.0,0.0,0.0,0.0,0.0,0.0,0.0,0.0,0.0,0.0,0.0,0.0,0.0,0.0,0.0,0.0,0.0,0.0,0.0,0.0,0.0,0.0,0.0,0.0,0.0,0.0,0.0,0.0,0.0,0.0,0.0,0.0,0.0,0.0,0.0,0.0,0.0,0.0,1.0,1.0,1.0,1.0,18.735700000000005,-70.16269999999999,0,0,0,0,0,0,0,0,0,0,0,0,0,0,0,0,0,0,0,0,0,0,0,0,0
18,0,Ecuador,1.5,2.05,11734.3873890471,72.84615384615384,0.567565036375,1067.1485166666666,15.97634304,16523.898402,1599817.8,8.9,0.0,0.0,0.0,0.0,0.0,0.0,0.0,0.0,0.0,0.0,0.0,0.0,0.0,0.0,0.0,0.0,0.0,0.0,0.0,0.0,0.0,0.0,0.0,0.0,0.0,0.0,0.0,0.0,0.0,0.0,0.0,0.0,0.0,0.0,0.0,0.0,0.0,0.0,0.0,0.0,0.0,0.0,0.0,0.0,0.0,0.0,0.0,0.0,0.0,0.0,0.0,0.0,0.0,0.0,0.0,0.0,0.0,0.0,0.0,6.0,6.0,7.0,10.0,-1.8311999999999997,-78.1834,0,0,0,0,0,0,0,0,0,0,0,0,0,0,0,0,0,0,0,0,0,0,0,0,0
19,0,Egypt,1.6,0.7902,12412.3094005832,81.76923076923076,0.5636133084999999,1565.383562969925,12.677154940000001,7694.740146,3420510.25,57.625,0.0,0.0,0.0,0.0,0.0,0.0,0.0,0.0,0.0,0.0,0.0,0.0,0.0,0.0,0.0,0.0,0.0,0.0,0.0,0.0,0.0,0.0,0.0,0.0,0.0,0.0,0.0,0.0,0.0,0.0,0.0,0.0,0.0,0.0,0.0,1.0,1.0,1.0,1.0,1.0,1.0,0.0,1.0,1.0,1.0,1.0,1.0,1.0,1.0,1.0,1.0,1.0,0.0,0.0,0.0,0.0,0.0,0.0,0.0,2.0,2.0,2.0,2.0,26.0,30.0,0,0,0,0,0,0,0,0,0,0,0,0,0,0,0,0,0,0,0,0,0,0,0,0,0
20,0,Estonia,5.0,3.4651,35973.776460479814,73.84615384615383,0.792078823125,1057.9569659026872,13.087956783846154,7239.774341846153,3091029.230769231,51.84615384615385,0.0,0.0,0.0,0.0,0.0,0.0,0.0,0.0,0.0,0.0,0.0,0.0,0.0,0.0,0.0,0.0,0.0,0.0,0.0,0.0,0.0,0.0,0.0,0.0,0.0,0.0,0.0,0.0,0.0,0.0,0.0,0.0,0.0,0.0,0.0,0.0,0.0,0.0,0.0,0.0,0.0,0.0,0.0,0.0,0.0,0.0,0.0,0.0,0.0,1.0,1.0,1.0,0.0,0.0,0.0,0.0,0.0,0.0,0.0,1.0,1.0,2.0,2.0,58.59529999999999,25.0136,0,0,0,0,0,0,0,0,0,0,0,0,0,0,0,0,0,0,0,0,0,0,0,0,0
21,0,Finland,4.3999999999999995,3.808,48416.93602994001,93.84615384615384,0.8868375428749999,1004.842,12.059699022999997,7068.295627400001,1256224.4,17.0,0.0,0.0,0.0,0.0,0.0,0.0,0.0,0.0,1.0,1.0,1.0,0.0,0.0,0.0,0.0,0.0,0.0,0.0,0.0,0.0,0.0,0.0,0.0,0.0,0.0,0.0,0.0,0.0,0.0,0.0,1.0,1.0,1.0,1.0,1.0,1.0,1.0,1.0,1.0,1.0,1.0,1.0,1.0,1.0,1.0,1.0,1.0,1.0,2.0,2.0,2.0,3.0,1.0,1.0,1.0,1.0,1.0,1.0,1.0,6.0,6.0,6.0,6.0,64.0,26.0,0,0,0,0,0,0,0,0,0,0,0,0,0,0,0,0,0,0,0,0,0,0,0,0,0
22,0,France,6.5,3.2348999999999997,45342.39573608318,82.0,0.7902426365000003,1110.5250858689246,12.533704797062502,8942.251978906248,4925710.890625,65.984375,0.0,0.0,0.0,2.0,3.0,3.0,3.0,4.0,5.0,5.0,5.0,0.0,0.0,0.0,0.0,0.0,0.0,0.0,0.0,0.0,0.0,0.0,0.0,0.0,0.0,0.0,0.0,0.0,0.0,0.0,6.0,11.0,11.0,11.0,11.0,11.0,12.0,12.0,12.0,12.0,12.0,6.0,12.0,12.0,12.0,12.0,12.0,14.0,18.0,38.0,57.0,100.0,6.0,6.0,6.0,6.0,6.0,11.0,11.0,130.0,191.0,204.0,285.0,47.0,2.0,0,0,0,0,0,0,0,0,0,0,0,0,0,0,0,0,0,0,0,0,0,0,0,0,0
23,0,Georgia,2.6,5.0976,12004.573833282102,66.15384615384617,0.6883576045,725.0239762681115,12.837019192222222,6395.756060222222,909017.0555555555,25.333333333333332,0.0,0.0,0.0,0.0,0.0,0.0,0.0,0.0,0.0,0.0,0.0,0.0,0.0,0.0,0.0,0.0,0.0,0.0,0.0,0.0,0.0,0.0,0.0,0.0,0.0,0.0,0.0,0.0,0.0,0.0,0.0,0.0,0.0,0.0,0.0,0.0,0.0,0.0,0.0,0.0,0.0,0.0,0.0,0.0,0.0,0.0,0.0,0.0,1.0,1.0,1.0,1.0,0.0,0.0,0.0,0.0,0.0,0.0,0.0,3.0,3.0,3.0,3.0,42.315400000000004,43.3569,0,0,0,0,0,0,0,0,0,0,0,0,0,0,0,0,0,0,0,0,0,0,0,0,0
24,0,Germany,8.300000000000006,4.208699999999996,53074.540118164135,91.23076923076918,0.8765076580000004,886.7627094112313,13.29952530365853,8406.767325951221,5193888.939024391,74.4390243902439,0.0,0.0,0.0,0.0,0.0,0.0,1.0,4.0,4.0,4.0,5.0,0.0,0.0,0.0,0.0,0.0,0.0,0.0,0.0,0.0,0.0,0.0,0.0,0.0,0.0,0.0,0.0,0.0,0.0,0.0,8.0,14.0,16.0,16.0,16.0,16.0,16.0,16.0,16.0,16.0,16.0,10.0,16.0,16.0,16.0,16.0,16.0,17.0,27.0,46.0,48.0,79.0,12.0,12.0,12.0,12.0,13.0,13.0,14.0,130.0,159.0,196.0,262.0,51.0,9.0,0,0,0,0,0,0,0,0,0,0,0,0,0,0,0,0,0,0,0,0,0,0,0,0,0
25,0,Gibraltar,2.40033656029489,1.2722000000000004,13536.7948287646,60.46323841903953,0.7298371306249999,1253.0852732596743,13.28644746677778,10205.369633833334,2192742.3055555555,41.97222222222222,0.0,0.0,0.0,0.0,0.0,0.0,0.0,0.0,0.0,0.0,0.0,0.0,0.0,0.0,0.0,0.0,0.0,0.0,0.0,0.0,0.0,0.0,0.0,0.0,0.0,0.0,0.0,0.0,0.0,0.0,0.0,0.0,0.0,0.0,0.0,0.0,0.0,0.0,0.0,0.0,0.0,0.0,0.0,0.0,0.0,0.0,0.0,0.0,0.0,0.0,0.0,0.0,0.0,0.0,0.0,0.0,0.0,0.0,0.0,0.0,0.0,0.0,1.0,36.140800000000006,-5.3536,0,0,0,0,0,0,0,0,0,0,0,0,0,0,0,0,0,0,0,0,0,0,0,0,0
26,0,Greece,4.299999999999999,4.592,29592.152419616694,60.46323841903952,0.7207600222499997,1188.485569646493,13.682577147,8085.67482075,1468523.4,39.8,0.0,0.0,0.0,0.0,0.0,0.0,0.0,0.0,0.0,0.0,0.0,0.0,0.0,0.0,0.0,0.0,0.0,0.0,0.0,0.0,0.0,0.0,0.0,0.0,0.0,0.0,0.0,0.0,0.0,0.0,0.0,0.0,0.0,0.0,0.0,0.0,0.0,0.0,0.0,0.0,0.0,0.0,0.0,0.0,0.0,0.0,0.0,0.0,1.0,3.0,4.0,4.0,0.0,0.0,0.0,0.0,0.0,0.0,0.0,7.0,7.0,7.0,9.0,39.074200000000005,21.824299999999997,0,0,0,0,0,0,0,0,0,0,0,0,0,0,0,0,0,0,0,0,0,0,0,0,0
27,0,Hungary,7.0,3.2312000000000007,31102.50275411931,67.46153846153851,0.7608467125,803.4205163949015,13.5105001136,7989.492280600001,1471318.04,39.12,0.0,0.0,0.0,0.0,0.0,0.0,0.0,0.0,0.0,0.0,0.0,0.0,0.0,0.0,0.0,0.0,0.0,0.0,0.0,0.0,0.0,0.0,0.0,0.0,0.0,0.0,0.0,0.0,0.0,0.0,0.0,0.0,0.0,0.0,0.0,0.0,0.0,0.0,0.0,0.0,0.0,0.0,0.0,0.0,0.0,0.0,0.0,0.0,0.0,0.0,0.0,0.0,0.0,0.0,0.0,0.0,0.0,0.0,0.0,0.0,0.0,0.0,2.0,47.1625,19.50330000000001,0,0,0,0,0,0,0,0,0,0,0,0,0,0,0,0,0,0,0,0,0,0,0,0,0
28,0,India,0.7000000000000001,0.7776,7762.88176956734,75.15384615384617,0.481315162375,1401.639531957923,13.238674879999996,3778.106443666666,1585934.4166666667,12.5,0.0,0.0,0.0,0.0,0.0,0.0,0.0,0.0,0.0,1.0,1.0,0.0,0.0,0.0,0.0,0.0,0.0,0.0,0.0,0.0,0.0,0.0,0.0,0.0,0.0,0.0,0.0,0.0,0.0,0.0,1.0,3.0,3.0,3.0,3.0,3.0,3.0,3.0,3.0,3.0,3.0,2.0,3.0,3.0,3.0,3.0,3.0,3.0,3.0,3.0,3.0,3.0,3.0,3.0,3.0,3.0,3.0,3.0,3.0,3.0,5.0,5.0,28.0,21.0,78.0,0,0,0,0,0,0,0,0,0,0,0,0,0,0,0,0,0,0,0,0,0,0,0,0,0
29,0,Indonesia,1.2,0.3777,13079.619296593999,62.769230769230774,0.501385821625,818.0883333333334,12.54233459375,3498.452723125,1744962.5625,8.25,0.0,0.0,0.0,0.0,0.0,0.0,0.0,0.0,0.0,0.0,0.0,0.0,0.0,0.0,0.0,0.0,0.0,0.0,0.0,0.0,0.0,0.0,0.0,0.0,0.0,0.0,0.0,0.0,0.0,0.0,0.0,0.0,0.0,0.0,0.0,0.0,0.0,0.0,0.0,0.0,0.0,0.0,0.0,0.0,0.0,0.0,0.0,0.0,0.0,0.0,0.0,0.0,0.0,0.0,0.0,0.0,0.0,0.0,0.0,0.0,2.0,2.0,2.0,-0.7893,113.92129999999999,0,0,0,0,0,0,0,0,0,0,0,0,0,0,0,0,0,0,0,0,0,0,0,0,0
30,0,"Iran, Islamic Republic of",1.5,1.14,13536.7948287646,84.61538461538463,0.5428442374999999,1330.3114823825301,15.215765710000003,5860.130562142857,1287843.642857143,17.571428571428573,0.0,0.0,0.0,0.0,0.0,0.0,0.0,0.0,0.0,0.0,0.0,0.0,0.0,0.0,0.0,0.0,0.0,0.0,0.0,0.0,0.0,0.0,0.0,0.0,0.0,0.0,0.0,0.0,0.0,0.0,0.0,0.0,0.0,0.0,0.0,0.0,0.0,0.0,0.0,0.0,2.0,0.0,5.0,18.0,28.0,43.0,61.0,95.0,139.0,245.0,388.0,593.0,0.0,0.0,0.0,0.0,0.0,0.0,0.0,978.0,1501.0,2336.0,2922.0,32.0,53.0,0,0,0,0,0,0,0,0,0,0,0,0,0,0,0,0,0,0,0,0,0,0,0,0,0
31,0,Iraq,1.4000000000000001,0.8217,17435.853933144597,81.76923076923076,0.44352213937500007,1133.3901079367536,14.030380514285714,6323.769119857143,501288.0,18.928571428571427,0.0,0.0,0.0,0.0,0.0,0.0,0.0,0.0,0.0,0.0,0.0,0.0,0.0,0.0,0.0,0.0,0.0,0.0,0.0,0.0,0.0,0.0,0.0,0.0,0.0,0.0,0.0,0.0,0.0,0.0,0.0,0.0,0.0,0.0,0.0,0.0,0.0,0.0,0.0,0.0,0.0,0.0,0.0,0.0,0.0,0.0,1.0,1.0,5.0,7.0,7.0,13.0,0.0,0.0,0.0,0.0,0.0,0.0,0.0,19.0,26.0,32.0,35.0,33.0,44.0,0,0,0,0,0,0,0,0,0,0,0,0,0,0,0,0,0,0,0,0,0,0,0,0,0
32,0,Ireland,2.799999999999999,3.0861000000000014,83203.39467709273,67.4615384615385,0.8548227782500001,1023.0786331411456,13.512705475217393,8954.434806739131,2402056.217391304,52.41304347826087,0.0,0.0,0.0,0.0,0.0,0.0,0.0,0.0,0.0,0.0,0.0,0.0,0.0,0.0,0.0,0.0,0.0,0.0,0.0,0.0,0.0,0.0,0.0,0.0,0.0,0.0,0.0,0.0,0.0,0.0,0.0,0.0,0.0,0.0,0.0,0.0,0.0,0.0,0.0,0.0,0.0,0.0,0.0,0.0,0.0,0.0,0.0,0.0,0.0,0.0,0.0,1.0,0.0,0.0,0.0,0.0,0.0,0.0,0.0,1.0,1.0,2.0,6.0,53.142399999999974,-7.692100000000001,0,0,0,0,0,0,0,0,0,0,0,0,0,0,0,0,0,0,0,0,0,0,0,0,0
33,0,Israel,3.100000000000001,3.2175999999999996,39919.1696489174,91.0,0.7045662992499998,1568.1670774744623,12.866643564166667,7400.999788833334,2976284.375,48.916666666666664,0.0,0.0,0.0,0.0,0.0,0.0,0.0,0.0,0.0,0.0,0.0,0.0,0.0,0.0,0.0,0.0,0.0,0.0,0.0,0.0,0.0,0.0,0.0,0.0,0.0,0.0,0.0,0.0,0.0,0.0,0.0,0.0,0.0,0.0,0.0,0.0,0.0,0.0,0.0,0.0,0.0,0.0,0.0,1.0,1.0,1.0,1.0,1.0,2.0,3.0,4.0,7.0,0.0,0.0,0.0,0.0,0.0,0.0,0.0,10.0,10.0,12.0,15.0,31.0,35.0,0,0,0,0,0,0,0,0,0,0,0,0,0,0,0,0,0,0,0,0,0,0,0,0,0
34,0,Italy,3.400000000000002,4.093099999999996,41830.42632764439,84.61538461538464,0.7932674398749996,839.1214706644381,12.99879291285714,8627.448774400002,2686957.5142857144,49.72857142857143,0.0,0.0,0.0,0.0,0.0,0.0,0.0,0.0,0.0,0.0,2.0,0.0,0.0,0.0,0.0,0.0,0.0,0.0,0.0,0.0,0.0,0.0,0.0,0.0,0.0,0.0,0.0,0.0,0.0,0.0,2.0,3.0,3.0,3.0,3.0,3.0,3.0,3.0,3.0,3.0,3.0,2.0,3.0,20.0,62.0,155.0,229.0,322.0,453.0,655.0,888.0,1128.0,2.0,2.0,2.0,2.0,3.0,3.0,3.0,1694.0,2036.0,2502.0,3089.0,43.0,12.0,0,0,0,0,0,0,0,0,0,0,0,0,0,0,0,0,0,0,0,0,0,0,0,0,0
35,0,Japan,13.399999999999999,2.4118,42797.45851699138,60.46323841903952,0.7941650889999999,6612.245392018976,10.932847508916666,2195.66185525,4815029.354166667,17.520833333333332,0.0,2.0,1.0,2.0,2.0,4.0,4.0,7.0,7.0,11.0,15.0,0.0,0.0,0.0,0.0,0.0,0.0,0.0,0.0,0.0,0.0,0.0,0.0,0.0,0.0,0.0,0.0,0.0,0.0,0.0,20.0,26.0,26.0,28.0,28.0,29.0,43.0,59.0,66.0,74.0,84.0,20.0,94.0,105.0,122.0,147.0,159.0,170.0,189.0,214.0,228.0,241.0,20.0,22.0,22.0,45.0,25.0,25.0,26.0,256.0,274.0,293.0,331.0,36.0,138.0,0,0,0,0,0,0,0,0,0,0,0,0,0,0,0,0,0,0,0,0,0,0,0,0,0
36,0,Jordan,1.4000000000000001,2.3436,9478.904587502851,48.0,0.656244177875,1521.8626401364759,12.65870451125,7332.093710124999,2652823.4375,47.625,0.0,0.0,0.0,0.0,0.0,0.0,0.0,0.0,0.0,0.0,0.0,0.0,0.0,0.0,0.0,0.0,0.0,0.0,0.0,0.0,0.0,0.0,0.0,0.0,0.0,0.0,0.0,0.0,0.0,0.0,0.0,0.0,0.0,0.0,0.0,0.0,0.0,0.0,0.0,0.0,0.0,0.0,0.0,0.0,0.0,0.0,0.0,0.0,0.0,0.0,0.0,0.0,0.0,0.0,0.0,0.0,0.0,0.0,0.0,0.0,0.0,1.0,1.0,31.240000000000002,36.51,0,0,0,0,0,0,0,0,0,0,0,0,0,0,0,0,0,0,0,0,0,0,0,0,0
37,0,"Korea, Democratic People's Republic of",13.200000000000001,3.6744999999999974,40111.77575746154,78.46153846153838,0.4046747513750001,1802.4094341361795,10.423889798130437,1539.1717056956525,3589617.5217391304,17.282608695652176,0.0,1.0,1.0,2.0,2.0,3.0,4.0,4.0,4.0,4.0,11.0,0.0,0.0,0.0,0.0,0.0,0.0,0.0,0.0,0.0,0.0,0.0,0.0,0.0,0.0,0.0,0.0,0.0,0.0,0.0,12.0,27.0,28.0,28.0,28.0,28.0,28.0,29.0,30.0,31.0,31.0,15.0,104.0,204.0,433.0,602.0,833.0,977.0,1261.0,1766.0,2337.0,3150.0,15.0,16.0,19.0,23.0,24.0,24.0,25.0,3736.0,4335.0,5186.0,5621.0,36.0,128.0,0,0,0,0,0,0,0,0,0,0,0,0,0,0,0,0,0,0,0,0,0,0,0,0,0
38,0,Kuwait,2.0,2.5789000000000004,72897.562345371,55.6153846153846,0.66841436,1290.1160589839508,13.89603380375,6180.02443,2496245.875,28.1875,0.0,0.0,0.0,0.0,0.0,0.0,0.0,0.0,0.0,0.0,0.0,0.0,0.0,0.0,0.0,0.0,0.0,0.0,0.0,0.0,0.0,0.0,0.0,0.0,0.0,0.0,0.0,0.0,0.0,0.0,0.0,0.0,0.0,0.0,0.0,0.0,0.0,0.0,0.0,0.0,0.0,0.0,0.0,0.0,0.0,0.0,1.0,11.0,26.0,43.0,45.0,45.0,0.0,0.0,0.0,0.0,0.0,0.0,0.0,45.0,56.0,56.0,56.0,29.5,47.75,0,0,0,0,0,0,0,0,0,0,0,0,0,0,0,0,0,0,0,0,0,0,0,0,0
39,0,Latvia,5.799999999999998,3.1946000000000008,30304.85249688201,74.61538461538463,0.770549713125,987.6069942557443,12.98759373846154,7246.659346692307,3175824.076923077,54.23076923076923,0.0,0.0,0.0,0.0,0.0,0.0,0.0,0.0,0.0,0.0,0.0,0.0,0.0,0.0,0.0,0.0,0.0,0.0,0.0,0.0,0.0,0.0,0.0,0.0,0.0,0.0,0.0,0.0,0.0,0.0,0.0,0.0,0.0,0.0,0.0,0.0,0.0,0.0,0.0,0.0,0.0,0.0,0.0,0.0,0.0,0.0,0.0,0.0,0.0,0.0,0.0,0.0,0.0,0.0,0.0,0.0,0.0,0.0,0.0,0.0,1.0,1.0,1.0,56.87959999999999,24.603200000000008,0,0,0,0,0,0,0,0,0,0,0,0,0,0,0,0,0,0,0,0,0,0,0,0,0
40,0,Lebanon,2.899999999999999,2.2710000000000004,13081.1074629124,58.23076923076925,0.5877108332500001,1432.4082270011932,13.053581779166668,7200.064385249999,2182374.9583333335,34.5,0.0,0.0,0.0,0.0,0.0,0.0,0.0,0.0,0.0,0.0,0.0,0.0,0.0,0.0,0.0,0.0,0.0,0.0,0.0,0.0,0.0,0.0,0.0,0.0,0.0,0.0,0.0,0.0,0.0,0.0,0.0,0.0,0.0,0.0,0.0,0.0,0.0,0.0,0.0,0.0,0.0,0.0,0.0,1.0,1.0,1.0,1.0,1.0,2.0,2.0,2.0,4.0,0.0,0.0,0.0,0.0,0.0,0.0,0.0,10.0,13.0,13.0,13.0,33.854699999999994,35.8623,0,0,0,0,0,0,0,0,0,0,0,0,0,0,0,0,0,0,0,0,0,0,0,0,0
41,0,Liechtenstein,2.4003365602948894,1.2721999999999998,13536.794828764614,60.46323841903951,0.7559561773750004,850.4122416699092,12.830105056585364,8531.927556487804,4368076.37804878,66.7560975609756,0.0,0.0,0.0,0.0,0.0,0.0,0.0,0.0,0.0,0.0,0.0,0.0,0.0,0.0,0.0,0.0,0.0,0.0,0.0,0.0,0.0,0.0,0.0,0.0,0.0,0.0,0.0,0.0,0.0,0.0,0.0,0.0,0.0,0.0,0.0,0.0,0.0,0.0,0.0,0.0,0.0,0.0,0.0,0.0,0.0,0.0,0.0,0.0,0.0,0.0,0.0,0.0,0.0,0.0,0.0,0.0,0.0,0.0,0.0,0.0,0.0,0.0,1.0,47.14000000000004,9.550000000000008,0,0,0,0,0,0,0,0,0,0,0,0,0,0,0,0,0,0,0,0,0,0,0,0,0
42,0,Lithuania,7.299999999999998,4.337000000000001,35461.359099323505,81.53846153846153,0.783059759375,841.19375964959,13.694569664545453,7381.134399090909,1591700.1818181819,43.95454545454545,0.0,0.0,0.0,0.0,0.0,0.0,0.0,0.0,0.0,0.0,0.0,0.0,0.0,0.0,0.0,0.0,0.0,0.0,0.0,0.0,0.0,0.0,0.0,0.0,0.0,0.0,0.0,0.0,0.0,0.0,0.0,0.0,0.0,0.0,0.0,0.0,0.0,0.0,0.0,0.0,0.0,0.0,0.0,0.0,0.0,0.0,0.0,0.0,0.0,0.0,1.0,1.0,0.0,0.0,0.0,0.0,0.0,0.0,0.0,1.0,1.0,1.0,1.0,55.1694,23.881300000000007,0,0,0,0,0,0,0,0,0,0,0,0,0,0,0,0,0,0,0,0,0,0,0,0,0
43,0,Luxembourg,4.800000000000003,3.0266000000000015,113337.42049470302,75.923076923077,0.8198294450000003,966.9864889641663,13.18094392695454,8596.023457090907,7525465.136363637,85.22727272727273,0.0,0.0,0.0,0.0,0.0,0.0,0.0,0.0,0.0,0.0,0.0,0.0,0.0,0.0,0.0,0.0,0.0,0.0,0.0,0.0,0.0,0.0,0.0,0.0,0.0,0.0,0.0,0.0,0.0,0.0,0.0,0.0,0.0,0.0,0.0,0.0,0.0,0.0,0.0,0.0,0.0,0.0,0.0,0.0,0.0,0.0,0.0,0.0,0.0,0.0,0.0,1.0,0.0,0.0,0.0,0.0,0.0,0.0,0.0,1.0,1.0,1.0,1.0,49.8153,6.129600000000003,0,0,0,0,0,0,0,0,0,0,0,0,0,0,0,0,0,0,0,0,0,0,0,0,0
44,0,Malaysia,1.9000000000000001,1.5131999999999999,31782.1533573136,94.84615384615384,0.7026644671250002,556.7804285714285,11.622362976142858,3096.705576142857,1316323.2142857143,8.0,0.0,0.0,0.0,0.0,3.0,4.0,4.0,4.0,7.0,8.0,8.0,0.0,0.0,0.0,0.0,0.0,0.0,0.0,0.0,0.0,0.0,0.0,0.0,0.0,0.0,0.0,0.0,0.0,0.0,0.0,8.0,18.0,18.0,18.0,19.0,19.0,22.0,22.0,22.0,22.0,22.0,8.0,22.0,22.0,22.0,22.0,22.0,22.0,22.0,23.0,23.0,25.0,8.0,10.0,12.0,12.0,12.0,16.0,16.0,29.0,29.0,36.0,50.0,2.5,112.5,0,0,0,0,0,0,0,0,0,0,0,0,0,0,0,0,0,0,0,0,0,0,0,0,0
45,0,Mexico,1.5,2.2478,19844.6456685975,85.69230769230772,0.6716405969999998,1631.7634858691542,13.998625120000002,12923.626294444444,1451075.5555555555,18.11111111111111,0.0,0.0,0.0,0.0,0.0,0.0,0.0,0.0,0.0,0.0,0.0,0.0,0.0,0.0,0.0,0.0,0.0,0.0,0.0,0.0,0.0,0.0,0.0,0.0,0.0,0.0,0.0,0.0,0.0,0.0,0.0,0.0,0.0,0.0,0.0,0.0,0.0,0.0,0.0,0.0,0.0,0.0,0.0,0.0,0.0,0.0,0.0,0.0,0.0,0.0,1.0,4.0,0.0,0.0,0.0,0.0,0.0,0.0,0.0,5.0,5.0,5.0,5.0,23.6345,-102.55280000000002,0,0,0,0,0,0,0,0,0,0,0,0,0,0,0,0,0,0,0,0,0,0,0,0,0
46,0,Monaco,13.800000000000008,6.561700000000001,13536.794828764614,81.53846153846148,0.7476166666249996,905.1653857522828,12.780664516105261,8805.039048999999,3433123.1052631577,57.44736842105263,0.0,0.0,0.0,0.0,0.0,0.0,0.0,0.0,0.0,0.0,0.0,0.0,0.0,0.0,0.0,0.0,0.0,0.0,0.0,0.0,0.0,0.0,0.0,0.0,0.0,0.0,0.0,0.0,0.0,0.0,0.0,0.0,0.0,0.0,0.0,0.0,0.0,0.0,0.0,0.0,0.0,0.0,0.0,0.0,0.0,0.0,0.0,0.0,0.0,0.0,0.0,1.0,0.0,0.0,0.0,0.0,0.0,0.0,0.0,1.0,1.0,1.0,1.0,43.733300000000035,7.416699999999998,0,0,0,0,0,0,0,0,0,0,0,0,0,0,0,0,0,0,0,0,0,0,0,0,0
47,0,Morocco,1.0999999999999999,0.7273,8586.638700232399,74.92307692307692,0.526198299625,1235.2000839285713,11.645936723666667,10610.285658333334,1684955.9166666667,43.916666666666664,0.0,0.0,0.0,0.0,0.0,0.0,0.0,0.0,0.0,0.0,0.0,0.0,0.0,0.0,0.0,0.0,0.0,0.0,0.0,0.0,0.0,0.0,0.0,0.0,0.0,0.0,0.0,0.0,0.0,0.0,0.0,0.0,0.0,0.0,0.0,0.0,0.0,0.0,0.0,0.0,0.0,0.0,0.0,0.0,0.0,0.0,0.0,0.0,0.0,0.0,0.0,0.0,0.0,0.0,0.0,0.0,0.0,0.0,0.0,0.0,1.0,1.0,1.0,31.791699999999995,-7.0926,0,0,0,0,0,0,0,0,0,0,0,0,0,0,0,0,0,0,0,0,0,0,0,0,0
48,0,Nepal,0.3,0.6507,3089.55635218567,23.07692307692308,0.392802381125,1372.7974561947663,11.8848913416,2932.8810620000004,1094108.8,11.0,0.0,0.0,0.0,0.0,1.0,1.0,1.0,1.0,1.0,1.0,1.0,0.0,0.0,0.0,0.0,0.0,0.0,0.0,0.0,0.0,0.0,0.0,0.0,0.0,0.0,0.0,0.0,0.0,0.0,0.0,1.0,1.0,1.0,1.0,1.0,1.0,1.0,1.0,1.0,1.0,1.0,1.0,1.0,1.0,1.0,1.0,1.0,1.0,1.0,1.0,1.0,1.0,1.0,1.0,1.0,1.0,1.0,1.0,1.0,1.0,1.0,1.0,1.0,28.1667,84.25,0,0,0,0,0,0,0,0,0,0,0,0,0,0,0,0,0,0,0,0,0,0,0,0,0
49,0,Netherlands,3.55016828014744,2.389449999999998,56328.94113633027,88.6153846153847,0.8388061016249981,999.1577870648396,13.446069415599997,8585.444136850001,7329981.6625,84.375,0.0,0.0,0.0,0.0,0.0,0.0,0.0,0.0,0.0,0.0,0.0,0.0,0.0,0.0,0.0,0.0,0.0,0.0,0.0,0.0,0.0,0.0,0.0,0.0,0.0,0.0,0.0,0.0,0.0,0.0,0.0,0.0,0.0,0.0,0.0,0.0,0.0,0.0,0.0,0.0,0.0,0.0,0.0,0.0,0.0,0.0,0.0,0.0,0.0,1.0,1.0,6.0,0.0,0.0,0.0,0.0,0.0,0.0,0.0,10.0,18.0,24.0,38.0,52.13259999999995,5.291299999999994,0,0,0,0,0,0,0,0,0,0,0,0,0,0,0,0,0,0,0,0,0,0,0,0,0
50,0,New Zealand,2.8000000000000003,3.0252,41005.4208705895,90.23076923076925,0.8720107261249999,733.5350000000001,12.24316558625,10038.939001874998,2046288.9375,11.0,0.0,0.0,0.0,0.0,0.0,0.0,0.0,0.0,0.0,0.0,0.0,0.0,0.0,0.0,0.0,0.0,0.0,0.0,0.0,0.0,0.0,0.0,0.0,0.0,0.0,0.0,0.0,0.0,0.0,0.0,0.0,0.0,0.0,0.0,0.0,0.0,0.0,0.0,0.0,0.0,0.0,0.0,0.0,0.0,0.0,0.0,0.0,0.0,0.0,0.0,1.0,1.0,0.0,0.0,0.0,0.0,0.0,0.0,0.0,1.0,1.0,1.0,3.0,-40.9006,174.886,0,0,0,0,0,0,0,0,0,0,0,0,0,0,0,0,0,0,0,0,0,0,0,0,0
51,0,Nigeria,0.4000000000000001,0.21634999999999996,3527.1361365200983,48.07692307692309,0.2798468558749998,1255.4152605832144,13.560181624000009,11145.057120000001,873466.7,7.4,0.0,0.0,0.0,0.0,0.0,0.0,0.0,0.0,0.0,0.0,0.0,0.0,0.0,0.0,0.0,0.0,0.0,0.0,0.0,0.0,0.0,0.0,0.0,0.0,0.0,0.0,0.0,0.0,0.0,0.0,0.0,0.0,0.0,0.0,0.0,0.0,0.0,0.0,0.0,0.0,0.0,0.0,0.0,0.0,0.0,0.0,0.0,0.0,0.0,0.0,1.0,1.0,0.0,0.0,0.0,0.0,0.0,0.0,0.0,1.0,1.0,1.0,1.0,9.081999999999995,8.675299999999995,0,0,0,0,0,0,0,0,0,0,0,0,0,0,0,0,0,0,0,0,0,0,0,0,0
52,0,North Macedonia,4.4,2.8736000000000015,16358.662049197597,63.384615384615394,0.6221048086250001,1019.479959076573,13.455856796499997,8050.303239149999,1542293.375,44.225,0.0,0.0,0.0,0.0,0.0,0.0,0.0,0.0,0.0,0.0,0.0,0.0,0.0,0.0,0.0,0.0,0.0,0.0,0.0,0.0,0.0,0.0,0.0,0.0,0.0,0.0,0.0,0.0,0.0,0.0,0.0,0.0,0.0,0.0,0.0,0.0,0.0,0.0,0.0,0.0,0.0,0.0,0.0,0.0,0.0,0.0,0.0,0.0,1.0,1.0,1.0,1.0,0.0,0.0,0.0,0.0,0.0,0.0,0.0,1.0,1.0,1.0,1.0,41.60860000000001,21.745299999999993,0,0,0,0,0,0,0,0,0,0,0,0,0,0,0,0,0,0,0,0,0,0,0,0,0
53,0,Norway,3.899999999999999,4.6336,65510.585274247096,92.3076923076923,0.8856503642500002,1075.2077222222224,14.017626770625,7854.094722562501,2234602.6875,31.90625,0.0,0.0,0.0,0.0,0.0,0.0,0.0,0.0,0.0,0.0,0.0,0.0,0.0,0.0,0.0,0.0,0.0,0.0,0.0,0.0,0.0,0.0,0.0,0.0,0.0,0.0,0.0,0.0,0.0,0.0,0.0,0.0,0.0,0.0,0.0,0.0,0.0,0.0,0.0,0.0,0.0,0.0,0.0,0.0,0.0,0.0,0.0,0.0,1.0,1.0,6.0,15.0,0.0,0.0,0.0,0.0,0.0,0.0,0.0,19.0,25.0,32.0,56.0,60.47199999999999,8.468900000000001,0,0,0,0,0,0,0,0,0,0,0,0,0,0,0,0,0,0,0,0,0,0,0,0,0
54,0,Oman,1.6,1.9697,41859.934476789,100.0,0.617148654,1085.4917,11.108323949999999,5690.2973034999995,8373157.75,72.25,0.0,0.0,0.0,0.0,0.0,0.0,0.0,0.0,0.0,0.0,0.0,0.0,0.0,0.0,0.0,0.0,0.0,0.0,0.0,0.0,0.0,0.0,0.0,0.0,0.0,0.0,0.0,0.0,0.0,0.0,0.0,0.0,0.0,0.0,0.0,0.0,0.0,0.0,0.0,0.0,0.0,0.0,0.0,0.0,0.0,0.0,2.0,2.0,4.0,4.0,4.0,6.0,0.0,0.0,0.0,0.0,0.0,0.0,0.0,6.0,6.0,12.0,15.0,21.0,57.0,0,0,0,0,0,0,0,0,0,0,0,0,0,0,0,0,0,0,0,0,0,0,0,0,0
55,0,Pakistan,0.6,0.9753,5567.05560794386,51.3076923076923,0.3509232743750001,1820.501985314685,11.943618033333331,3988.27125,1566509.3333333333,22.166666666666668,0.0,0.0,0.0,0.0,0.0,0.0,0.0,0.0,0.0,0.0,0.0,0.0,0.0,0.0,0.0,0.0,0.0,0.0,0.0,0.0,0.0,0.0,0.0,0.0,0.0,0.0,0.0,0.0,0.0,0.0,0.0,0.0,0.0,0.0,0.0,0.0,0.0,0.0,0.0,0.0,0.0,0.0,0.0,0.0,0.0,0.0,0.0,0.0,2.0,2.0,2.0,4.0,0.0,0.0,0.0,0.0,0.0,0.0,0.0,4.0,4.0,5.0,5.0,30.3753,69.3451,0,0,0,0,0,0,0,0,0,0,0,0,0,0,0,0,0,0,0,0,0,0,0,0,0
56,0,Philippines,1.0,1.2750000000000001,8951.08565366152,60.46323841903953,0.52556054,1496.7558267807951,10.860453012545456,2305.493977454546,3109441.4545454546,13.681818181818182,0.0,0.0,0.0,0.0,0.0,0.0,0.0,0.0,0.0,1.0,1.0,0.0,0.0,0.0,0.0,0.0,0.0,0.0,0.0,0.0,0.0,0.0,0.0,0.0,0.0,0.0,0.0,0.0,0.0,0.0,1.0,3.0,3.0,3.0,3.0,3.0,3.0,3.0,3.0,3.0,3.0,2.0,3.0,3.0,3.0,3.0,3.0,3.0,3.0,3.0,3.0,3.0,2.0,2.0,2.0,2.0,3.0,3.0,3.0,3.0,3.0,3.0,3.0,13.0,122.0,0,0,0,0,0,0,0,0,0,0,0,0,0,0,0,0,0,0,0,0,0,0,0,0,0
57,0,Poland,6.5,2.3997999999999995,31336.603496668617,60.46323841903952,0.7759610786250003,775.701528516515,13.604292851363637,7795.021286954545,2849799.75,55.45454545454545,0.0,0.0,0.0,0.0,0.0,0.0,0.0,0.0,0.0,0.0,0.0,0.0,0.0,0.0,0.0,0.0,0.0,0.0,0.0,0.0,0.0,0.0,0.0,0.0,0.0,0.0,0.0,0.0,0.0,0.0,0.0,0.0,0.0,0.0,0.0,0.0,0.0,0.0,0.0,0.0,0.0,0.0,0.0,0.0,0.0,0.0,0.0,0.0,0.0,0.0,0.0,0.0,0.0,0.0,0.0,0.0,0.0,0.0,0.0,0.0,0.0,0.0,1.0,51.9194,19.14510000000001,0,0,0,0,0,0,0,0,0,0,0,0,0,0,0,0,0,0,0,0,0,0,0,0,0
58,0,Portugal,3.399999999999999,3.3356,33415.437900689416,76.92307692307692,0.8093196554999996,1583.727233986928,13.24867964714286,10114.755629785717,4099197.3928571427,50.67857142857143,0.0,0.0,0.0,0.0,0.0,0.0,0.0,0.0,0.0,0.0,0.0,0.0,0.0,0.0,0.0,0.0,0.0,0.0,0.0,0.0,0.0,0.0,0.0,0.0,0.0,0.0,0.0,0.0,0.0,0.0,0.0,0.0,0.0,0.0,0.0,0.0,0.0,0.0,0.0,0.0,0.0,0.0,0.0,0.0,0.0,0.0,0.0,0.0,0.0,0.0,0.0,0.0,0.0,0.0,0.0,0.0,0.0,0.0,0.0,0.0,2.0,2.0,5.0,39.3999,-8.224500000000003,0,0,0,0,0,0,0,0,0,0,0,0,0,0,0,0,0,0,0,0,0,0,0,0,0
59,0,Qatar,1.1999999999999997,0.0008000000000000003,126898.42593160503,87.46153846153847,0.7520330372499998,1264.6147881754607,12.944747267272726,5976.750459545455,9041345.363636363,64.63636363636364,0.0,0.0,0.0,0.0,0.0,0.0,0.0,0.0,0.0,0.0,0.0,0.0,0.0,0.0,0.0,0.0,0.0,0.0,0.0,0.0,0.0,0.0,0.0,0.0,0.0,0.0,0.0,0.0,0.0,0.0,0.0,0.0,0.0,0.0,0.0,0.0,0.0,0.0,0.0,0.0,0.0,0.0,0.0,0.0,0.0,0.0,0.0,0.0,0.0,0.0,0.0,1.0,0.0,0.0,0.0,0.0,0.0,0.0,0.0,3.0,3.0,7.0,8.0,25.354800000000008,51.1839,0,0,0,0,0,0,0,0,0,0,0,0,0,0,0,0,0,0,0,0,0,0,0,0,0
60,0,Romania,6.299999999999998,2.2586000000000004,28206.357049756098,71.53846153846153,0.7105647631249999,1132.5254523043623,13.427123946,7598.3384394,1322693.9666666666,37.53333333333333,0.0,0.0,0.0,0.0,0.0,0.0,0.0,0.0,0.0,0.0,0.0,0.0,0.0,0.0,0.0,0.0,0.0,0.0,0.0,0.0,0.0,0.0,0.0,0.0,0.0,0.0,0.0,0.0,0.0,0.0,0.0,0.0,0.0,0.0,0.0,0.0,0.0,0.0,0.0,0.0,0.0,0.0,0.0,0.0,0.0,0.0,0.0,0.0,1.0,1.0,3.0,3.0,0.0,0.0,0.0,0.0,0.0,0.0,0.0,3.0,3.0,3.0,4.0,45.94320000000001,24.966799999999996,0,0,0,0,0,0,0,0,0,0,0,0,0,0,0,0,0,0,0,0,0,0,0,0,0
61,0,Russian Federation,8.2,4.0139,27147.333582245097,100.0,0.6469845271250001,729.2431250000001,11.152044835,3460.6855955,607027.25,20.0,0.0,0.0,0.0,0.0,0.0,0.0,0.0,0.0,0.0,0.0,2.0,0.0,0.0,0.0,0.0,0.0,0.0,0.0,0.0,0.0,0.0,0.0,0.0,0.0,0.0,0.0,0.0,0.0,0.0,0.0,2.0,2.0,2.0,2.0,2.0,2.0,2.0,2.0,2.0,2.0,2.0,2.0,2.0,2.0,2.0,2.0,2.0,2.0,2.0,2.0,2.0,2.0,2.0,2.0,2.0,2.0,2.0,2.0,2.0,2.0,3.0,3.0,3.0,60.0,90.0,0,0,0,0,0,0,0,0,0,0,0,0,0,0,0,0,0,0,0,0,0,0,0,0,0
62,0,Saint Barth√©lemy,2.8999999999999995,2.5947999999999998,34438.39850000646,91.0,0.7298371306249999,1632.287416666667,13.840511615,14597.5304275,1054622.5,17.375,0.0,0.0,0.0,0.0,0.0,0.0,0.0,0.0,0.0,0.0,0.0,0.0,0.0,0.0,0.0,0.0,0.0,0.0,0.0,0.0,0.0,0.0,0.0,0.0,0.0,0.0,0.0,0.0,0.0,0.0,0.0,0.0,0.0,0.0,0.0,0.0,0.0,0.0,0.0,0.0,0.0,0.0,0.0,0.0,0.0,0.0,0.0,0.0,0.0,0.0,0.0,0.0,0.0,0.0,0.0,0.0,0.0,0.0,0.0,0.0,0.0,0.0,3.0,17.900000000000002,-62.8333,0,0,0,0,0,0,0,0,0,0,0,0,0,0,0,0,0,0,0,0,0,0,0,0,0
63,0,San Marino,3.8000000000000003,6.146800000000006,13536.794828764614,32.84615384615383,0.6964388431250005,811.0591302927361,12.90912543146341,8530.46366904878,3312232.3658536584,54.71951219512195,0.0,0.0,0.0,0.0,0.0,0.0,0.0,0.0,0.0,0.0,0.0,0.0,0.0,0.0,0.0,0.0,0.0,0.0,0.0,0.0,0.0,0.0,0.0,0.0,0.0,0.0,0.0,0.0,0.0,0.0,0.0,0.0,0.0,0.0,0.0,0.0,0.0,0.0,0.0,0.0,0.0,0.0,0.0,0.0,0.0,0.0,0.0,0.0,0.0,1.0,1.0,1.0,0.0,0.0,0.0,0.0,0.0,0.0,0.0,1.0,8.0,10.0,16.0,43.94239999999997,12.45780000000001,0,0,0,0,0,0,0,0,0,0,0,0,0,0,0,0,0,0,0,0,0,0,0,0,0
64,0,Saudi Arabia,2.7,2.39,55335.6795892271,68.69230769230771,0.7389142390000001,1692.5839555555553,12.7615884,6678.175741999999,6567558.5,39.0,0.0,0.0,0.0,0.0,0.0,0.0,0.0,0.0,0.0,0.0,0.0,0.0,0.0,0.0,0.0,0.0,0.0,0.0,0.0,0.0,0.0,0.0,0.0,0.0,0.0,0.0,0.0,0.0,0.0,0.0,0.0,0.0,0.0,0.0,0.0,0.0,0.0,0.0,0.0,0.0,0.0,0.0,0.0,0.0,0.0,0.0,0.0,0.0,0.0,0.0,0.0,0.0,0.0,0.0,0.0,0.0,0.0,0.0,0.0,0.0,1.0,1.0,1.0,24.0,45.0,0,0,0,0,0,0,0,0,0,0,0,0,0,0,0,0,0,0,0,0,0,0,0,0,0
65,0,Senegal,0.3,0.0692,3782.53861264405,44.84615384615385,0.33945778175,2036.7751944444447,11.929161276666667,12677.977616666665,749924.3333333334,21.0,0.0,0.0,0.0,0.0,0.0,0.0,0.0,0.0,0.0,0.0,0.0,0.0,0.0,0.0,0.0,0.0,0.0,0.0,0.0,0.0,0.0,0.0,0.0,0.0,0.0,0.0,0.0,0.0,0.0,0.0,0.0,0.0,0.0,0.0,0.0,0.0,0.0,0.0,0.0,0.0,0.0,0.0,0.0,0.0,0.0,0.0,0.0,0.0,0.0,0.0,0.0,0.0,0.0,0.0,0.0,0.0,0.0,0.0,0.0,0.0,1.0,2.0,4.0,14.4974,-14.452400000000003,0,0,0,0,0,0,0,0,0,0,0,0,0,0,0,0,0,0,0,0,0,0,0,0,0
66,0,Singapore,2.3999999999999995,2.3063,101531.630228067,91.0,0.7814863946250002,2087.3341224099972,11.335896393166665,3517.4912980000004,6716760.25,27.75,0.0,0.0,1.0,3.0,3.0,4.0,5.0,7.0,7.0,10.0,13.0,0.0,0.0,0.0,0.0,0.0,0.0,0.0,0.0,0.0,0.0,0.0,0.0,0.0,0.0,0.0,0.0,0.0,0.0,0.0,16.0,45.0,47.0,50.0,58.0,67.0,72.0,75.0,77.0,81.0,84.0,18.0,84.0,85.0,85.0,89.0,89.0,91.0,93.0,93.0,93.0,102.0,18.0,24.0,28.0,28.0,30.0,33.0,40.0,106.0,108.0,110.0,110.0,1.2833000000000003,103.8333,0,0,0,0,0,0,0,0,0,0,0,0,0,0,0,0,0,0,0,0,0,0,0,0,0
67,0,Spain,3.0,4.0691000000000015,39715.439059486605,84.07692307692308,0.8087923086250001,1611.501852122109,13.584069465454547,9901.09337540909,3238250.2954545454,47.38636363636363,0.0,0.0,0.0,0.0,0.0,0.0,0.0,0.0,0.0,0.0,0.0,0.0,0.0,0.0,0.0,0.0,0.0,0.0,0.0,0.0,0.0,0.0,0.0,0.0,0.0,0.0,0.0,0.0,0.0,0.0,1.0,2.0,2.0,2.0,2.0,2.0,2.0,2.0,2.0,2.0,2.0,1.0,2.0,2.0,2.0,2.0,2.0,6.0,13.0,15.0,32.0,45.0,1.0,1.0,1.0,1.0,1.0,1.0,2.0,84.0,120.0,165.0,222.0,40.0,-4.0,0,0,0,0,0,0,0,0,0,0,0,0,0,0,0,0,0,0,0,0,0,0,0,0,0
68,0,Sri Lanka,3.6,0.958,13473.6630942698,45.615384615384606,0.546700022125,1512.2210137455197,11.163192955,4431.625726750001,2019480.0,18.25,0.0,0.0,0.0,0.0,0.0,0.0,1.0,1.0,1.0,1.0,1.0,0.0,0.0,0.0,0.0,0.0,0.0,0.0,0.0,0.0,0.0,0.0,0.0,0.0,0.0,0.0,0.0,0.0,0.0,0.0,1.0,1.0,1.0,1.0,1.0,1.0,1.0,1.0,1.0,1.0,1.0,1.0,1.0,1.0,1.0,1.0,1.0,1.0,1.0,1.0,1.0,1.0,1.0,1.0,1.0,1.0,1.0,1.0,1.0,1.0,1.0,1.0,1.0,7.0,81.0,0,0,0,0,0,0,0,0,0,0,0,0,0,0,0,0,0,0,0,0,0,0,0,0,0
69,0,Sweden,2.6000000000000005,5.399600000000002,53208.8843603785,91.76923076923073,0.8692733465000001,985.2994973958334,13.262403660000002,7405.342656749999,2398144.46875,29.40625,0.0,0.0,0.0,0.0,0.0,0.0,0.0,0.0,0.0,0.0,1.0,0.0,0.0,0.0,0.0,0.0,0.0,0.0,0.0,0.0,0.0,0.0,0.0,0.0,0.0,0.0,0.0,0.0,0.0,0.0,1.0,1.0,1.0,1.0,1.0,1.0,1.0,1.0,1.0,1.0,1.0,1.0,1.0,1.0,1.0,1.0,1.0,1.0,2.0,7.0,7.0,12.0,1.0,1.0,1.0,1.0,1.0,1.0,1.0,14.0,15.0,21.0,35.0,63.0,16.0,0,0,0,0,0,0,0,0,0,0,0,0,0,0,0,0,0,0,0,0,0,0,0,0,0
70,0,Switzerland,4.699999999999997,4.2363,68060.94104525015,60.463238419039506,0.8406674347500003,890.2925341896499,12.740777390124999,8624.783007104164,4996871.15625,68.09375,0.0,0.0,0.0,0.0,0.0,0.0,0.0,0.0,0.0,0.0,0.0,0.0,0.0,0.0,0.0,0.0,0.0,0.0,0.0,0.0,0.0,0.0,0.0,0.0,0.0,0.0,0.0,0.0,0.0,0.0,0.0,0.0,0.0,0.0,0.0,0.0,0.0,0.0,0.0,0.0,0.0,0.0,0.0,0.0,0.0,0.0,0.0,1.0,1.0,8.0,8.0,18.0,0.0,0.0,0.0,0.0,0.0,0.0,0.0,27.0,42.0,56.0,90.0,46.81819999999999,8.227500000000003,0,0,0,0,0,0,0,0,0,0,0,0,0,0,0,0,0,0,0,0,0,0,0,0,0
71,0,Thailand,2.1,0.8095999999999999,19051.3333817112,79.46153846153847,0.6873298984999999,1862.2994002840908,7.3528588651249995,2074.7617687499996,6238799.75,32.9375,0.0,2.0,3.0,5.0,7.0,8.0,8.0,14.0,14.0,14.0,19.0,0.0,0.0,0.0,0.0,0.0,0.0,0.0,0.0,0.0,0.0,0.0,0.0,0.0,0.0,0.0,0.0,0.0,0.0,0.0,19.0,32.0,33.0,33.0,33.0,33.0,33.0,34.0,35.0,35.0,35.0,19.0,35.0,35.0,35.0,35.0,35.0,37.0,40.0,40.0,41.0,42.0,19.0,25.0,25.0,25.0,25.0,32.0,32.0,42.0,43.0,43.0,43.0,15.0,101.0,0,0,0,0,0,0,0,0,0,0,0,0,0,0,0,0,0,0,0,0,0,0,0,0,0
72,0,Tunisia,2.3000000000000003,1.2722,12502.820188687601,65.92307692307692,0.578445588875,858.9962464285715,12.56242033,9268.3354549,885761.6,27.55,0.0,0.0,0.0,0.0,0.0,0.0,0.0,0.0,0.0,0.0,0.0,0.0,0.0,0.0,0.0,0.0,0.0,0.0,0.0,0.0,0.0,0.0,0.0,0.0,0.0,0.0,0.0,0.0,0.0,0.0,0.0,0.0,0.0,0.0,0.0,0.0,0.0,0.0,0.0,0.0,0.0,0.0,0.0,0.0,0.0,0.0,0.0,0.0,0.0,0.0,0.0,0.0,0.0,0.0,0.0,0.0,0.0,0.0,0.0,0.0,0.0,0.0,1.0,34.0,9.0,0,0,0,0,0,0,0,0,0,0,0,0,0,0,0,0,0,0,0,0,0,0,0,0,0
73,0,Ukraine,8.800000000000006,3.0074999999999967,9233.15046924005,75.07692307692302,0.6148604487500006,992.4336047223284,13.43191349051282,8434.716586846154,3857275.6025641025,54.8974358974359,0.0,0.0,0.0,0.0,0.0,0.0,0.0,0.0,0.0,0.0,1.5384615384615385,0.0,0.0,0.0,0.0,0.0,0.0,0.0,0.0,0.0,0.0,0.0,0.0,0.0,0.0,0.0,0.0,0.0,0.0,0.0,1.5384615384615385,6.153846153846154,6.153846153846154,6.923076923076923,6.923076923076923,6.923076923076923,6.923076923076923,6.923076923076923,6.923076923076923,6.923076923076923,6.923076923076923,1.5384615384615385,6.923076923076923,6.923076923076923,6.923076923076923,6.923076923076923,10.0,10.0,10.0,11.538461538461538,15.384615384615385,17.692307692307693,1.5384615384615385,1.5384615384615385,1.5384615384615385,1.5384615384615385,2.3076923076923075,2.3076923076923075,2.3076923076923075,27.692307692307693,30.76923076923077,39.46153846153846,65.61538461538461,53.47216923076923,4.884369230769232,0,0,0,0,0,0,0,0,0,0,0,0,0,0,0,0,0,0,0,0,0,0,0,0,0
74,0,United Arab Emirates,1.2,2.3944000000000005,75075.2574109804,94.61538461538461,0.718802013125,1210.1699075023744,12.417795691111111,5798.434510444444,9665304.277777778,70.27777777777777,0.0,0.0,0.0,0.0,0.0,0.0,0.0,0.0,4.0,4.0,4.0,0.0,0.0,0.0,0.0,0.0,0.0,0.0,0.0,0.0,0.0,0.0,0.0,0.0,0.0,0.0,0.0,0.0,0.0,0.0,4.0,8.0,8.0,8.0,8.0,8.0,8.0,9.0,9.0,9.0,9.0,5.0,9.0,9.0,13.0,13.0,13.0,13.0,13.0,13.0,19.0,21.0,5.0,5.0,5.0,5.0,5.0,7.0,7.0,21.0,21.0,27.0,27.0,24.0,54.0,0,0,0,0,0,0,0,0,0,0,0,0,0,0,0,0,0,0,0,0,0,0,0,0,0
75,0,Viet Nam,2.6,0.8198999999999999,7447.81433404948,60.84615384615386,0.564129056625,1549.550023268398,10.211333042444444,1900.4137984444444,1303709.388888889,11.38888888888889,0.0,0.0,2.0,2.0,2.0,2.0,2.0,2.0,2.0,2.0,2.0,0.0,0.0,0.0,0.0,0.0,0.0,0.0,0.0,0.0,0.0,0.0,0.0,0.0,0.0,0.0,0.0,0.0,0.0,0.0,6.0,14.0,15.0,15.0,16.0,16.0,16.0,16.0,16.0,16.0,16.0,6.0,16.0,16.0,16.0,16.0,16.0,16.0,16.0,16.0,16.0,16.0,8.0,8.0,8.0,10.0,10.0,13.0,13.0,16.0,16.0,16.0,16.0,16.0,108.0,0,0,0,0,0,0,0,0,0,0,0,0,0,0,0,0,0,0,0,0,0,0,0,0,0
76,Anhui,China,4.200000000000002,1.7854999999999994,18236.61298164981,94.30769230769232,0.6762940895000003,1389.9082037882665,5.8026467495769225,483.4651902538459,4596526.980769231,35.28846153846154,1.0,1.0,9.0,15.0,39.0,60.0,70.0,106.0,152.0,200.0,237.0,0.0,0.0,0.0,0.0,0.0,0.0,0.0,0.0,0.0,0.0,0.0,0.0,0.0,0.0,0.0,0.0,0.0,0.0,0.0,297.0,830.0,860.0,889.0,910.0,934.0,950.0,962.0,973.0,982.0,986.0,340.0,987.0,988.0,989.0,989.0,989.0,989.0,989.0,989.0,990.0,990.0,408.0,480.0,530.0,591.0,665.0,733.0,779.0,990.0,990.0,990.0,990.0,31.82569999999999,117.2264,0,0,0,0,0,0,0,0,0,0,0,0,0,0,0,0,0,0,0,0,0,0,0,0,0
77,Beijing,China,4.200000000000001,1.7854999999999999,18236.612981649803,94.30769230769228,0.6762940894999999,1928.2541732309658,5.771801285272729,1042.4668532272726,7961770.0,53.27272727272727,1.0,14.0,22.0,36.0,41.0,68.0,80.0,91.0,111.0,114.0,139.0,0.0,0.0,0.0,0.0,0.0,0.0,0.0,0.0,0.0,0.0,0.0,0.0,0.0,0.0,0.0,0.0,0.0,0.0,0.0,168.0,337.0,342.0,352.0,366.0,372.0,375.0,380.0,381.0,387.0,393.0,191.0,395.0,396.0,399.0,399.0,399.0,400.0,400.0,410.0,410.0,411.0,212.0,228.0,253.0,274.0,297.0,315.0,326.0,413.0,414.0,414.0,418.0,40.18240000000001,116.41419999999995,0,0,0,0,0,0,0,0,0,0,0,0,0,0,0,0,0,0,0,0,0,0,0,0,0
78,"Berkeley, CA",United States,2.8999999999999995,2.5947999999999998,62794.5856522398,91.0,0.81974486875,1306.9565552107206,13.431167132499997,10506.19653125,6028909.9375,32.875,0.0,0.0,0.0,0.0,0.0,0.0,0.0,0.0,0.0,0.0,0.0,0.0,0.0,0.0,0.0,0.0,0.0,0.0,0.0,0.0,0.0,0.0,0.0,0.0,0.0,0.0,0.0,0.0,0.0,0.0,0.0,0.0,0.0,0.0,0.0,0.0,0.0,0.0,0.0,0.0,0.0,0.0,0.0,0.0,0.0,0.0,0.0,0.0,0.0,0.0,0.0,0.0,0.0,0.0,0.0,0.0,0.0,0.0,0.0,0.0,0.0,1.0,1.0,37.8715,-122.27300000000001,0,0,0,0,0,0,0,0,0,0,0,0,0,0,0,0,0,0,0,0,0,0,0,0,0
79,"Boston, MA",United States,2.899999999999999,2.5947999999999998,62794.58565223983,91.0,0.81974486875,2055.611288440444,13.991681752105265,11848.844333157893,7048855.0,51.473684210526315,0.0,0.0,0.0,0.0,0.0,0.0,0.0,0.0,0.0,0.0,0.0,0.0,0.0,0.0,0.0,0.0,0.0,0.0,0.0,0.0,0.0,0.0,0.0,0.0,0.0,0.0,0.0,0.0,0.0,0.0,1.0,1.0,1.0,1.0,1.0,1.0,1.0,1.0,1.0,1.0,1.0,1.0,1.0,1.0,1.0,1.0,1.0,1.0,1.0,1.0,1.0,1.0,1.0,1.0,1.0,1.0,1.0,1.0,1.0,1.0,1.0,1.0,1.0,42.360099999999996,-71.0589,0,0,0,0,0,0,0,0,0,0,0,0,0,0,0,0,0,0,0,0,0,0,0,0,0
80,British Columbia,Canada,2.6999999999999997,2.6101999999999994,48130.25597250429,99.46153846153847,0.8893884466250002,1759.7440669047621,12.406527951700001,9591.1809515,3536949.0,24.45,0.0,0.0,0.0,0.0,0.0,0.0,0.0,1.0,1.0,1.0,1.0,0.0,0.0,0.0,0.0,0.0,0.0,0.0,0.0,0.0,0.0,0.0,0.0,0.0,0.0,0.0,0.0,0.0,0.0,0.0,1.0,4.0,4.0,4.0,4.0,4.0,4.0,4.0,5.0,5.0,5.0,1.0,5.0,6.0,6.0,6.0,6.0,7.0,7.0,7.0,7.0,8.0,1.0,1.0,2.0,2.0,4.0,4.0,4.0,8.0,8.0,9.0,12.0,49.28269999999999,-123.12069999999997,0,0,0,0,0,0,0,0,0,0,0,0,0,0,0,0,0,0,0,0,0,0,0,0,0
81,Chongqing,China,4.200000000000001,1.7854999999999999,18236.612981649807,94.30769230769229,0.6762940895,1365.466727433957,5.696277269307694,631.6586947538461,4739646.269230769,34.34615384615385,1.0,6.0,9.0,27.0,57.0,75.0,110.0,132.0,147.0,182.0,211.0,0.0,0.0,0.0,0.0,0.0,0.0,0.0,0.0,0.0,0.0,0.0,0.0,0.0,0.0,0.0,0.0,0.0,0.0,0.0,247.0,486.0,505.0,518.0,529.0,537.0,544.0,551.0,553.0,555.0,560.0,300.0,567.0,572.0,573.0,575.0,576.0,576.0,576.0,576.0,576.0,576.0,337.0,366.0,389.0,411.0,426.0,428.0,468.0,576.0,576.0,576.0,576.0,30.057200000000005,107.87400000000001,0,0,0,0,0,0,0,0,0,0,0,0,0,0,0,0,0,0,0,0,0,0,0,0,0
82,"Contra Costa County, CA",United States,2.8999999999999995,2.5947999999999998,62794.5856522398,91.0,0.81974486875,1306.9565552107206,13.431167132499997,10506.19653125,6028909.9375,32.875,0.0,0.0,0.0,0.0,0.0,0.0,0.0,0.0,0.0,0.0,0.0,0.0,0.0,0.0,0.0,0.0,0.0,0.0,0.0,0.0,0.0,0.0,0.0,0.0,0.0,0.0,0.0,0.0,0.0,0.0,0.0,0.0,0.0,0.0,0.0,0.0,0.0,0.0,0.0,0.0,0.0,0.0,0.0,0.0,0.0,0.0,0.0,0.0,0.0,0.0,0.0,0.0,0.0,0.0,0.0,0.0,0.0,0.0,0.0,0.0,0.0,0.0,1.0,37.8534,-121.9018,0,0,0,0,0,0,0,0,0,0,0,0,0,0,0,0,0,0,0,0,0,0,0,0,0
83,"Cook County, IL",United States,2.9,2.5948,62794.58565223984,91.0,0.81974486875,1441.5647151545902,13.94232387137218,11689.513343139097,4260206.568609023,34.712406015037594,0.0,0.0,0.0,1.0,1.0,1.0,1.0,1.0,1.0,1.0,2.0,0.0,0.0,0.0,0.0,0.0,0.0,0.0,0.0,0.0,0.0,0.0,0.0,0.0,0.0,0.0,0.0,0.0,0.0,0.0,2.0,2.0,2.0,2.0,2.0,2.0,2.0,2.0,2.0,2.0,2.0,2.0,2.0,2.0,2.0,2.0,2.0,2.0,2.0,2.0,2.0,2.0,2.0,2.0,2.0,2.0,2.0,2.0,2.0,3.0,4.0,4.0,4.0,41.7377,-87.69759999999998,0,0,0,0,0,0,0,0,0,0,0,0,0,0,0,0,0,0,0,0,0,0,0,0,0
84,Diamond Princess cruise ship,Diamond Princess cruise ship,2.8999999999999995,2.5947999999999998,34438.39850000646,91.0,0.7298371306249999,7594.105000664323,11.030660730315788,2287.4987698421046,5810211.736842105,20.31578947368421,0.0,0.0,0.0,0.0,0.0,0.0,0.0,0.0,0.0,0.0,0.0,0.0,0.0,0.0,0.0,0.0,0.0,0.0,0.0,0.0,0.0,0.0,0.0,0.0,0.0,0.0,0.0,0.0,0.0,0.0,0.0,135.0,135.0,175.0,175.0,218.0,285.0,355.0,454.0,542.0,621.0,0.0,634.0,634.0,634.0,691.0,691.0,691.0,705.0,705.0,705.0,705.0,0.0,0.0,0.0,0.0,61.0,61.0,64.0,705.0,705.0,706.0,706.0,35.4437,139.63799999999998,0,0,0,0,0,0,0,0,0,0,0,0,0,0,0,0,0,0,0,0,0,0,0,0,0
85,From Diamond Princess,Australia,3.7999999999999985,3.587400000000001,51663.36509484492,89.76923076923073,0.8179957652500001,7594.105000664323,11.030660730315788,2287.4987698421046,5810211.736842105,20.31578947368421,0.0,0.0,0.0,0.0,0.0,0.0,0.0,0.0,0.0,0.0,0.0,0.0,0.0,0.0,0.0,0.0,0.0,0.0,0.0,0.0,0.0,0.0,0.0,0.0,0.0,0.0,0.0,0.0,0.0,0.0,0.0,0.0,0.0,0.0,0.0,0.0,0.0,0.0,0.0,0.0,0.0,0.0,0.0,4.0,7.0,7.0,7.0,7.0,7.0,8.0,8.0,0.0,0.0,0.0,0.0,0.0,0.0,0.0,0.0,0.0,0.0,0.0,0.0,35.4437,139.63799999999998,0,0,0,0,0,0,0,0,0,0,0,0,0,0,0,0,0,0,0,0,0,0,0,0,0
86,Fujian,China,4.200000000000001,1.7854999999999996,18236.612981649807,94.30769230769232,0.6762940895000003,1487.7902689742261,5.85498294075,726.4280344350001,3157411.45,29.375,1.0,1.0,5.0,10.0,18.0,35.0,59.0,80.0,84.0,101.0,120.0,0.0,0.0,0.0,0.0,0.0,0.0,0.0,0.0,0.0,0.0,0.0,0.0,0.0,0.0,0.0,0.0,0.0,0.0,0.0,144.0,261.0,267.0,272.0,279.0,281.0,285.0,287.0,290.0,292.0,293.0,159.0,293.0,293.0,293.0,293.0,293.0,294.0,294.0,296.0,296.0,296.0,179.0,194.0,205.0,215.0,224.0,239.0,250.0,296.0,296.0,296.0,296.0,26.078899999999987,117.98740000000001,0,0,0,0,0,0,0,0,0,0,0,0,0,0,0,0,0,0,0,0,0,0,0,0,0
87,"Fulton County, GA",United States,2.899999999999999,2.5947999999999998,62794.58565223983,91.0,0.81974486875,1127.0664477515745,15.124195567041587,12600.106913345937,4559971.721172023,28.112948960302457,0.0,0.0,0.0,0.0,0.0,0.0,0.0,0.0,0.0,0.0,0.0,0.0,0.0,0.0,0.0,0.0,0.0,0.0,0.0,0.0,0.0,0.0,0.0,0.0,0.0,0.0,0.0,0.0,0.0,0.0,0.0,0.0,0.0,0.0,0.0,0.0,0.0,0.0,0.0,0.0,0.0,0.0,0.0,0.0,0.0,0.0,0.0,0.0,0.0,0.0,0.0,0.0,0.0,0.0,0.0,0.0,0.0,0.0,0.0,0.0,0.0,2.0,2.0,33.8034,-84.39629999999994,0,0,0,0,0,0,0,0,0,0,0,0,0,0,0,0,0,0,0,0,0,0,0,0,0
88,Gansu,China,4.2,1.7855,18236.6129816498,94.30769230769228,0.6762940894999999,1143.5789292909471,5.2640091856666675,1080.0134528666665,4461602.5,32.666666666666664,1.0,0.0,2.0,2.0,4.0,7.0,14.0,19.0,24.0,26.0,29.0,0.0,0.0,0.0,0.0,0.0,0.0,0.0,0.0,0.0,0.0,0.0,0.0,0.0,0.0,0.0,0.0,0.0,0.0,0.0,40.0,83.0,86.0,87.0,90.0,90.0,90.0,90.0,91.0,91.0,91.0,51.0,91.0,91.0,91.0,91.0,91.0,91.0,91.0,91.0,91.0,91.0,55.0,57.0,62.0,62.0,67.0,79.0,83.0,91.0,91.0,91.0,91.0,36.0611,103.8343,0,0,0,0,0,0,0,0,0,0,0,0,0,0,0,0,0,0,0,0,0,0,0,0,0
89,"Grafton County, NH",United States,2.899999999999999,2.5947999999999998,62794.585652239824,91.0,0.81974486875,2042.5432897317057,13.923220361111111,11810.159683888887,6464419.583333333,48.19444444444444,0.0,0.0,0.0,0.0,0.0,0.0,0.0,0.0,0.0,0.0,0.0,0.0,0.0,0.0,0.0,0.0,0.0,0.0,0.0,0.0,0.0,0.0,0.0,0.0,0.0,0.0,0.0,0.0,0.0,0.0,0.0,0.0,0.0,0.0,0.0,0.0,0.0,0.0,0.0,0.0,0.0,0.0,0.0,0.0,0.0,0.0,0.0,0.0,0.0,0.0,0.0,0.0,0.0,0.0,0.0,0.0,0.0,0.0,0.0,0.0,1.0,2.0,2.0,43.908800000000014,-71.82600000000002,0,0,0,0,0,0,0,0,0,0,0,0,0,0,0,0,0,0,0,0,0,0,0,0,0
90,Guangdong,China,4.200000000000001,1.7854999999999996,18236.612981649807,94.30769230769229,0.6762940895,1801.1675092975304,5.400113879,886.3345825285716,8777823.75,52.357142857142854,1.0,26.0,32.0,53.0,78.0,111.0,151.0,207.0,277.0,354.0,436.0,0.0,0.0,0.0,0.0,0.0,0.0,0.0,0.0,0.0,0.0,0.0,0.0,0.0,0.0,0.0,0.0,0.0,0.0,0.0,535.0,1159.0,1177.0,1219.0,1241.0,1261.0,1294.0,1316.0,1322.0,1328.0,1331.0,632.0,1332.0,1333.0,1339.0,1342.0,1345.0,1347.0,1347.0,1347.0,1348.0,1349.0,725.0,813.0,895.0,970.0,1034.0,1095.0,1131.0,1349.0,1350.0,1350.0,1350.0,23.3417,113.42440000000003,0,0,0,0,0,0,0,0,0,0,0,0,0,0,0,0,0,0,0,0,0,0,0,0,0
91,Guangxi,China,4.200000000000001,1.7855,18236.612981649803,94.30769230769228,0.6762940894999999,1570.1702926889336,6.0303212541999995,1061.81216174,6340673.85,44.3,1.0,2.0,5.0,23.0,23.0,36.0,46.0,51.0,58.0,78.0,87.0,0.0,0.0,0.0,0.0,0.0,0.0,0.0,0.0,0.0,0.0,0.0,0.0,0.0,0.0,0.0,0.0,0.0,0.0,0.0,100.0,210.0,215.0,222.0,222.0,226.0,235.0,237.0,238.0,242.0,244.0,111.0,245.0,246.0,249.0,249.0,251.0,252.0,252.0,252.0,252.0,252.0,127.0,139.0,150.0,168.0,172.0,183.0,195.0,252.0,252.0,252.0,252.0,23.829800000000002,108.78810000000001,0,0,0,0,0,0,0,0,0,0,0,0,0,0,0,0,0,0,0,0,0,0,0,0,0
92,Guizhou,China,4.200000000000001,1.7854999999999999,18236.612981649803,94.30769230769228,0.6762940894999999,1404.2051402696534,5.199450128083334,837.9494578583334,4274662.166666667,33.041666666666664,0.0,1.0,3.0,3.0,4.0,5.0,7.0,9.0,9.0,12.0,29.0,0.0,0.0,0.0,0.0,0.0,0.0,0.0,0.0,0.0,0.0,0.0,0.0,0.0,0.0,0.0,0.0,0.0,0.0,0.0,29.0,109.0,127.0,133.0,135.0,140.0,143.0,144.0,146.0,146.0,146.0,38.0,146.0,146.0,146.0,146.0,146.0,146.0,146.0,146.0,146.0,146.0,46.0,58.0,64.0,71.0,81.0,89.0,99.0,146.0,146.0,146.0,146.0,26.815400000000007,106.87480000000004,0,0,0,0,0,0,0,0,0,0,0,0,0,0,0,0,0,0,0,0,0,0,0,0,0
93,Hainan,China,4.200000000000001,1.7854999999999999,18236.612981649803,94.30769230769228,0.6762940894999999,1409.2838253527507,7.609297407818181,1348.7098517545455,2996085.5,27.136363636363637,1.0,4.0,5.0,8.0,19.0,22.0,33.0,40.0,43.0,46.0,52.0,0.0,0.0,0.0,0.0,0.0,0.0,0.0,0.0,0.0,0.0,0.0,0.0,0.0,0.0,0.0,0.0,0.0,0.0,0.0,62.0,138.0,144.0,157.0,157.0,159.0,162.0,162.0,163.0,163.0,168.0,64.0,168.0,168.0,168.0,168.0,168.0,168.0,168.0,168.0,168.0,168.0,72.0,80.0,99.0,106.0,117.0,124.0,131.0,168.0,168.0,168.0,168.0,19.195899999999998,109.74530000000003,0,0,0,0,0,0,0,0,0,0,0,0,0,0,0,0,0,0,0,0,0,0,0,0,0
94,Hebei,China,4.200000000000001,1.7854999999999996,18236.612981649807,94.30769230769232,0.6762940895000003,1397.123329412799,6.2856169865789475,797.2525622526312,5010804.921052632,38.578947368421055,1.0,1.0,1.0,2.0,8.0,13.0,18.0,33.0,48.0,65.0,82.0,0.0,0.0,0.0,0.0,0.0,0.0,0.0,0.0,0.0,0.0,0.0,0.0,0.0,0.0,0.0,0.0,0.0,0.0,0.0,96.0,218.0,239.0,251.0,265.0,283.0,291.0,300.0,301.0,306.0,306.0,104.0,307.0,308.0,309.0,311.0,311.0,311.0,312.0,317.0,318.0,318.0,113.0,126.0,135.0,157.0,172.0,195.0,206.0,318.0,318.0,318.0,318.0,38.04279999999999,114.51489999999995,0,0,0,0,0,0,0,0,0,0,0,0,0,0,0,0,0,0,0,0,0,0,0,0,0
95,Heilongjiang,China,4.2,1.7855,18236.6129816498,94.30769230769229,0.6762940894999999,1183.185756723246,5.997275324,2008.4265880000003,2268929.7,25.8,1.0,0.0,2.0,4.0,9.0,15.0,21.0,33.0,38.0,44.0,59.0,0.0,0.0,0.0,0.0,0.0,0.0,0.0,0.0,0.0,0.0,0.0,0.0,0.0,0.0,0.0,0.0,0.0,0.0,0.0,80.0,331.0,360.0,378.0,395.0,419.0,425.0,445.0,457.0,464.0,470.0,95.0,476.0,479.0,479.0,480.0,480.0,480.0,480.0,480.0,480.0,480.0,121.0,155.0,190.0,227.0,277.0,295.0,307.0,480.0,480.0,480.0,480.0,47.861999999999995,127.7615,0,0,0,0,0,0,0,0,0,0,0,0,0,0,0,0,0,0,0,0,0,0,0,0,0
96,Henan,China,4.200000000000001,1.7854999999999996,18236.612981649807,94.30769230769232,0.6762940895000003,1221.4850686750178,6.021304528263161,497.54956428421025,3163955.4210526315,31.789473684210527,1.0,5.0,5.0,9.0,32.0,83.0,128.0,168.0,206.0,278.0,352.0,0.0,0.0,0.0,0.0,0.0,0.0,0.0,0.0,0.0,0.0,0.0,0.0,0.0,0.0,0.0,0.0,0.0,0.0,0.0,422.0,1073.0,1105.0,1135.0,1169.0,1184.0,1212.0,1231.0,1246.0,1257.0,1262.0,493.0,1265.0,1267.0,1270.0,1271.0,1271.0,1271.0,1271.0,1272.0,1272.0,1272.0,566.0,675.0,764.0,851.0,914.0,981.0,1033.0,1272.0,1272.0,1272.0,1272.0,33.882020000000004,113.614,0,0,0,0,0,0,0,0,0,0,0,0,0,0,0,0,0,0,0,0,0,0,0,0,0
97,"Hillsborough, FL",United States,2.899999999999999,2.5947999999999998,62794.58565223983,91.0,0.81974486875,1405.866204278397,15.278490742105262,13229.079536842106,4457067.236842105,36.078947368421055,0.0,0.0,0.0,0.0,0.0,0.0,0.0,0.0,0.0,0.0,0.0,0.0,0.0,0.0,0.0,0.0,0.0,0.0,0.0,0.0,0.0,0.0,0.0,0.0,0.0,0.0,0.0,0.0,0.0,0.0,0.0,0.0,0.0,0.0,0.0,0.0,0.0,0.0,0.0,0.0,0.0,0.0,0.0,0.0,0.0,0.0,0.0,0.0,0.0,0.0,0.0,0.0,0.0,0.0,0.0,0.0,0.0,0.0,0.0,0.0,1.0,2.0,2.0,27.99040000000001,-82.30179999999999,0,0,0,0,0,0,0,0,0,0,0,0,0,0,0,0,0,0,0,0,0,0,0,0,0
98,Hong Kong,Hong Kong,4.890900135040281,1.3189999999999997,64596.56385236979,60.46323841903953,0.7298371306249999,1883.047393261661,5.459335222272725,912.0606243818183,10749159.863636363,58.63636363636363,0.0,0.0,2.0,2.0,5.0,8.0,8.0,8.0,10.0,10.0,12.0,0.0,0.0,0.0,0.0,0.0,0.0,0.0,0.0,0.0,0.0,0.0,0.0,0.0,0.0,0.0,0.0,0.0,0.0,0.0,13.0,38.0,49.0,50.0,53.0,56.0,56.0,57.0,60.0,62.0,63.0,15.0,68.0,68.0,69.0,74.0,79.0,84.0,91.0,92.0,94.0,95.0,15.0,17.0,21.0,24.0,25.0,26.0,29.0,96.0,100.0,100.0,105.0,22.300000000000008,114.20000000000003,0,0,0,0,0,0,0,0,0,0,0,0,0,0,0,0,0,0,0,0,0,0,0,0,0
99,Hubei,China,4.200000000000001,1.7854999999999996,18236.612981649807,94.3076923076923,0.6762940895000001,1154.8668722803438,6.111028555600002,341.48223454666663,2842581.3666666667,29.033333333333335,0.0,444.0,444.0,549.0,761.0,1058.0,1423.0,3554.0,3554.0,4903.0,5806.0,1.0,2.0,5.0,8.0,12.0,14.0,16.0,25.0,29.0,37.0,40.0,45.0,47.0,49.0,59.0,68.0,78.0,90.0,104.0,7153.0,31728.0,33366.0,33366.0,48206.0,54406.0,56249.0,58182.0,59989.0,61682.0,62031.0,11177.0,62442.0,62662.0,64084.0,64084.0,64287.0,64786.0,65187.0,65596.0,65914.0,66337.0,13522.0,16678.0,19665.0,22112.0,24953.0,27100.0,29631.0,66907.0,67103.0,67217.0,67332.0,30.97559999999999,112.27070000000002,0,0,0,0,0,0,0,0,0,0,0,0,0,0,0,0,0,0,0,0,0,0,0,0,0
100,"Humboldt County, CA",United States,2.8999999999999995,2.5947999999999998,62794.5856522398,91.0,0.81974486875,1278.8225459496932,13.383486593333332,10268.671266666666,5346419.722222222,30.11111111111111,0.0,0.0,0.0,0.0,0.0,0.0,0.0,0.0,0.0,0.0,0.0,0.0,0.0,0.0,0.0,0.0,0.0,0.0,0.0,0.0,0.0,0.0,0.0,0.0,0.0,0.0,0.0,0.0,0.0,0.0,0.0,0.0,0.0,0.0,0.0,0.0,0.0,0.0,0.0,0.0,0.0,0.0,0.0,1.0,1.0,1.0,1.0,1.0,1.0,1.0,1.0,1.0,0.0,0.0,0.0,0.0,0.0,0.0,0.0,1.0,1.0,1.0,1.0,40.745,-123.86949999999999,0,0,0,0,0,0,0,0,0,0,0,0,0,0,0,0,0,0,0,0,0,0,0,0,0
101,Hunan,China,4.200000000000001,1.7854999999999999,18236.612981649807,94.30769230769229,0.6762940895,1326.4172411448571,5.702224890923077,461.9709326769231,4928538.0,36.96153846153846,1.0,4.0,9.0,24.0,43.0,69.0,100.0,143.0,221.0,277.0,332.0,0.0,0.0,0.0,0.0,0.0,0.0,0.0,0.0,0.0,0.0,0.0,0.0,0.0,0.0,0.0,0.0,0.0,0.0,0.0,389.0,879.0,912.0,946.0,968.0,988.0,1001.0,1004.0,1006.0,1007.0,1008.0,463.0,1010.0,1011.0,1013.0,1016.0,1016.0,1016.0,1016.0,1017.0,1017.0,1018.0,521.0,593.0,661.0,711.0,772.0,803.0,838.0,1018.0,1018.0,1018.0,1018.0,27.610400000000002,111.70879999999998,0,0,0,0,0,0,0,0,0,0,0,0,0,0,0,0,0,0,0,0,0,0,0,0,0
102,Inner Mongolia,China,4.2,1.7855,18236.6129816498,94.30769230769229,0.6762940894999999,2364.39877348617,5.894302918000001,1198.8329583999998,11496512.6,53.3,1.0,0.0,0.0,1.0,7.0,7.0,11.0,15.0,16.0,19.0,20.0,0.0,0.0,0.0,0.0,0.0,0.0,0.0,0.0,0.0,0.0,0.0,0.0,0.0,0.0,0.0,0.0,0.0,0.0,0.0,23.0,58.0,58.0,60.0,61.0,65.0,68.0,70.0,72.0,73.0,75.0,27.0,75.0,75.0,75.0,75.0,75.0,75.0,75.0,75.0,75.0,75.0,34.0,35.0,42.0,46.0,50.0,52.0,54.0,75.0,75.0,75.0,75.0,44.0935,113.94480000000001,0,0,0,0,0,0,0,0,0,0,0,0,0,0,0,0,0,0,0,0,0,0,0,0,0
103,Jiangsu,China,4.200000000000002,1.7854999999999996,18236.61298164981,94.30769230769232,0.6762940895000004,1472.5561156862211,5.820313608521737,574.412281269565,4777448.608695652,35.19565217391305,0.0,1.0,5.0,9.0,18.0,33.0,47.0,70.0,99.0,129.0,168.0,0.0,0.0,0.0,0.0,0.0,0.0,0.0,0.0,0.0,0.0,0.0,0.0,0.0,0.0,0.0,0.0,0.0,0.0,0.0,202.0,492.0,515.0,543.0,570.0,593.0,604.0,617.0,626.0,629.0,631.0,236.0,631.0,631.0,631.0,631.0,631.0,631.0,631.0,631.0,631.0,631.0,271.0,308.0,341.0,373.0,408.0,439.0,468.0,631.0,631.0,631.0,631.0,32.971099999999986,119.45499999999997,0,0,0,0,0,0,0,0,0,0,0,0,0,0,0,0,0,0,0,0,0,0,0,0,0
104,Jiangxi,China,4.200000000000001,1.7854999999999996,18236.612981649807,94.3076923076923,0.6762940895000001,1431.0927127010643,5.8710575596,515.0096151466666,3410010.7666666666,31.766666666666666,1.0,2.0,7.0,18.0,18.0,36.0,72.0,109.0,109.0,162.0,240.0,0.0,0.0,0.0,0.0,0.0,0.0,0.0,0.0,0.0,0.0,0.0,0.0,0.0,0.0,0.0,0.0,0.0,0.0,0.0,286.0,771.0,804.0,844.0,872.0,900.0,913.0,925.0,930.0,933.0,934.0,333.0,934.0,934.0,934.0,934.0,934.0,934.0,934.0,934.0,935.0,935.0,391.0,476.0,548.0,600.0,661.0,698.0,740.0,935.0,935.0,935.0,935.0,27.61399999999999,115.72209999999997,0,0,0,0,0,0,0,0,0,0,0,0,0,0,0,0,0,0,0,0,0,0,0,0,0
105,Jilin,China,4.200000000000001,1.7855,18236.612981649803,94.30769230769228,0.6762940894999999,1129.618007976857,6.410133225299999,1884.2219620000003,2103088.0,25.95,1.0,0.0,1.0,3.0,4.0,4.0,6.0,8.0,9.0,14.0,14.0,0.0,0.0,0.0,0.0,0.0,0.0,0.0,0.0,0.0,0.0,0.0,0.0,0.0,0.0,0.0,0.0,0.0,0.0,0.0,17.0,80.0,81.0,83.0,84.0,86.0,88.0,89.0,89.0,89.0,90.0,23.0,91.0,91.0,91.0,91.0,93.0,93.0,93.0,93.0,93.0,93.0,31.0,42.0,54.0,59.0,65.0,69.0,78.0,93.0,93.0,93.0,93.0,43.66610000000001,126.1923,0,0,0,0,0,0,0,0,0,0,0,0,0,0,0,0,0,0,0,0,0,0,0,0,0
106,"King County, WA",United States,2.899999999999999,2.5947999999999998,62794.58565223982,91.0,0.81974486875,1742.7712501984126,12.560520983083334,9644.247048749998,3017027.7083333335,22.083333333333332,0.0,1.0,1.0,1.0,1.0,1.0,1.0,1.0,1.0,1.0,1.0,0.0,0.0,0.0,0.0,0.0,0.0,0.0,0.0,0.0,0.0,0.0,0.0,0.0,0.0,0.0,0.0,0.0,0.0,0.0,1.0,1.0,1.0,1.0,1.0,1.0,1.0,1.0,1.0,1.0,1.0,1.0,1.0,1.0,1.0,1.0,1.0,1.0,1.0,1.0,1.0,6.0,1.0,1.0,1.0,1.0,1.0,1.0,1.0,9.0,14.0,21.0,31.0,47.6062,-122.33210000000001,0,0,0,0,0,0,0,0,0,0,0,0,0,0,0,0,0,0,0,0,0,0,0,0,0
107,"Lackland, TX (From Diamond Princess)",United States,2.899999999999999,2.5947999999999998,62794.58565223982,91.0,0.81974486875,1799.7524864465663,15.124049070000002,12527.40985692308,6999737.0,43.84615384615385,0.0,0.0,0.0,0.0,0.0,0.0,0.0,0.0,0.0,0.0,0.0,0.0,0.0,0.0,0.0,0.0,0.0,0.0,0.0,0.0,0.0,0.0,0.0,0.0,0.0,0.0,0.0,0.0,0.0,0.0,0.0,0.0,0.0,0.0,0.0,0.0,0.0,0.0,0.0,0.0,0.0,0.0,0.0,2.0,2.0,2.0,0.0,0.0,0.0,0.0,0.0,0.0,0.0,0.0,0.0,0.0,0.0,0.0,0.0,0.0,0.0,0.0,0.0,29.382900000000003,-98.61339999999997,0,0,0,0,0,0,0,0,0,0,0,0,0,0,0,0,0,0,0,0,0,0,0,0,0
108,Liaoning,China,4.2,1.7855000000000003,18236.6129816498,94.30769230769228,0.6762940894999999,1443.0954239925777,5.6675397817499995,1379.5414906750002,2959934.75,32.375,0.0,2.0,3.0,4.0,17.0,21.0,27.0,34.0,39.0,41.0,48.0,0.0,0.0,0.0,0.0,0.0,0.0,0.0,0.0,0.0,0.0,0.0,0.0,0.0,0.0,0.0,0.0,0.0,0.0,0.0,64.0,108.0,111.0,116.0,117.0,119.0,119.0,121.0,121.0,121.0,121.0,70.0,121.0,121.0,121.0,121.0,121.0,121.0,121.0,121.0,121.0,121.0,74.0,81.0,89.0,94.0,99.0,105.0,107.0,122.0,122.0,125.0,125.0,41.2956,122.60850000000002,0,0,0,0,0,0,0,0,0,0,0,0,0,0,0,0,0,0,0,0,0,0,0,0,0
109,"London, ON",Canada,2.700000000000001,2.6101999999999994,48130.25597250429,99.46153846153851,0.8893884466249998,1397.067349884477,13.770915856600874,11682.169096995616,3110566.2258771933,30.43530701754386,0.0,0.0,0.0,0.0,0.0,0.0,0.0,0.0,0.0,0.0,1.0,0.0,0.0,0.0,0.0,0.0,0.0,0.0,0.0,0.0,0.0,0.0,0.0,0.0,0.0,0.0,0.0,0.0,0.0,0.0,1.0,1.0,1.0,1.0,1.0,1.0,1.0,1.0,1.0,1.0,1.0,1.0,1.0,1.0,1.0,1.0,1.0,1.0,1.0,1.0,1.0,1.0,1.0,1.0,1.0,1.0,1.0,1.0,1.0,1.0,1.0,1.0,1.0,42.98490000000001,-81.24530000000003,0,0,0,0,0,0,0,0,0,0,0,0,0,0,0,0,0,0,0,0,0,0,0,0,0
110,"Los Angeles, CA",United States,2.899999999999999,2.5947999999999998,62794.58565223982,91.0,0.81974486875,1891.8971560306697,13.630509489999998,10920.673735714287,7138092.5,37.392857142857146,0.0,0.0,0.0,0.0,0.0,1.0,1.0,1.0,1.0,1.0,1.0,0.0,0.0,0.0,0.0,0.0,0.0,0.0,0.0,0.0,0.0,0.0,0.0,0.0,0.0,0.0,0.0,0.0,0.0,0.0,1.0,1.0,1.0,1.0,1.0,1.0,1.0,1.0,1.0,1.0,1.0,1.0,1.0,1.0,1.0,1.0,1.0,1.0,1.0,1.0,1.0,1.0,1.0,1.0,1.0,1.0,1.0,1.0,1.0,1.0,1.0,1.0,7.0,34.052199999999985,-118.2437,0,0,0,0,0,0,0,0,0,0,0,0,0,0,0,0,0,0,0,0,0,0,0,0,0
111,Macau,Macao,5.295300006866461,1.5619999999999996,123892.166434539,60.46323841903953,0.7298371306249999,1835.0577028761043,5.301094664249999,931.2452944166668,9166707.458333334,54.0,0.0,1.0,2.0,2.0,2.0,5.0,6.0,7.0,7.0,7.0,7.0,0.0,0.0,0.0,0.0,0.0,0.0,0.0,0.0,0.0,0.0,0.0,0.0,0.0,0.0,0.0,0.0,0.0,0.0,0.0,7.0,10.0,10.0,10.0,10.0,10.0,10.0,10.0,10.0,10.0,10.0,8.0,10.0,10.0,10.0,10.0,10.0,10.0,10.0,10.0,10.0,10.0,8.0,10.0,10.0,10.0,10.0,10.0,10.0,10.0,10.0,10.0,10.0,22.166699999999995,113.54999999999997,0,0,0,0,0,0,0,0,0,0,0,0,0,0,0,0,0,0,0,0,0,0,0,0,0
112,"Madison, WI",United States,2.899999999999999,2.5947999999999998,62794.58565223983,91.0,0.81974486875,1458.2933420174759,13.947147891291864,11536.028654449761,4622734.47368421,34.49760765550239,0.0,0.0,0.0,0.0,0.0,0.0,0.0,0.0,0.0,0.0,0.0,0.0,0.0,0.0,0.0,0.0,0.0,0.0,0.0,0.0,0.0,0.0,0.0,0.0,0.0,0.0,0.0,0.0,0.0,0.0,0.0,1.0,1.0,1.0,1.0,1.0,1.0,1.0,1.0,1.0,1.0,0.0,1.0,1.0,1.0,1.0,1.0,1.0,1.0,1.0,1.0,1.0,0.0,0.0,1.0,1.0,1.0,1.0,1.0,1.0,1.0,1.0,1.0,43.07309999999998,-89.4012,0,0,0,0,0,0,0,0,0,0,0,0,0,0,0,0,0,0,0,0,0,0,0,0,0
113,"Maricopa County, AZ",United States,2.8999999999999995,2.5947999999999998,62794.58565223981,91.0,0.81974486875,1927.5016440277777,14.175464684000001,11276.479366,7023821.3,41.15,0.0,0.0,0.0,0.0,0.0,0.0,0.0,0.0,0.0,0.0,0.0,0.0,0.0,0.0,0.0,0.0,0.0,0.0,0.0,0.0,0.0,0.0,0.0,0.0,0.0,0.0,0.0,0.0,0.0,0.0,0.0,0.0,0.0,0.0,0.0,0.0,0.0,0.0,0.0,0.0,0.0,0.0,0.0,0.0,0.0,0.0,0.0,0.0,0.0,0.0,0.0,0.0,0.0,0.0,0.0,0.0,0.0,0.0,0.0,0.0,0.0,1.0,1.0,33.29180000000001,-112.42910000000003,0,0,0,0,0,0,0,0,0,0,0,0,0,0,0,0,0,0,0,0,0,0,0,0,0
114,New South Wales,Australia,3.8,3.5874,51663.3650948449,89.76923076923076,0.8179957652500001,1991.3554083333331,11.978435997500002,8108.990309,6882913.625,19.375,0.0,0.0,0.0,0.0,0.0,3.0,4.0,4.0,4.0,4.0,4.0,0.0,0.0,0.0,0.0,0.0,0.0,0.0,0.0,0.0,0.0,0.0,0.0,0.0,0.0,0.0,0.0,0.0,0.0,0.0,4.0,4.0,4.0,4.0,4.0,4.0,4.0,4.0,4.0,4.0,4.0,4.0,4.0,4.0,4.0,4.0,4.0,4.0,4.0,4.0,4.0,4.0,4.0,4.0,4.0,4.0,4.0,4.0,4.0,6.0,6.0,13.0,22.0,-33.8688,151.2093,0,0,0,0,0,0,0,0,0,0,0,0,0,0,0,0,0,0,0,0,0,0,0,0,0
115,"New York City, NY",United States,2.8999999999999995,2.5947999999999998,62794.58565223983,91.0,0.81974486875,2116.2968259686054,14.3598791452,12020.535636800003,6929993.78,49.26,0.0,0.0,0.0,0.0,0.0,0.0,0.0,0.0,0.0,0.0,0.0,0.0,0.0,0.0,0.0,0.0,0.0,0.0,0.0,0.0,0.0,0.0,0.0,0.0,0.0,0.0,0.0,0.0,0.0,0.0,0.0,0.0,0.0,0.0,0.0,0.0,0.0,0.0,0.0,0.0,0.0,0.0,0.0,0.0,0.0,0.0,0.0,0.0,0.0,0.0,0.0,0.0,0.0,0.0,0.0,0.0,0.0,0.0,0.0,0.0,1.0,1.0,1.0,40.71280000000001,-74.00600000000003,0,0,0,0,0,0,0,0,0,0,0,0,0,0,0,0,0,0,0,0,0,0,0,0,0
116,Ningxia,China,4.200000000000001,1.7855,18236.612981649803,94.30769230769228,0.6762940894999999,1080.220413264611,5.645534990200002,993.0743285699998,2989231.8,27.1,0.0,1.0,1.0,2.0,3.0,4.0,7.0,11.0,12.0,17.0,21.0,0.0,0.0,0.0,0.0,0.0,0.0,0.0,0.0,0.0,0.0,0.0,0.0,0.0,0.0,0.0,0.0,0.0,0.0,0.0,26.0,49.0,53.0,58.0,64.0,67.0,70.0,70.0,70.0,70.0,71.0,28.0,71.0,71.0,71.0,71.0,71.0,71.0,71.0,72.0,72.0,73.0,31.0,34.0,34.0,40.0,43.0,45.0,45.0,73.0,74.0,74.0,75.0,37.269200000000005,106.16549999999998,0,0,0,0,0,0,0,0,0,0,0,0,0,0,0,0,0,0,0,0,0,0,0,0,0
117,"Omaha, NE (From Diamond Princess)",United States,2.8999999999999995,2.5947999999999998,62794.5856522398,91.0,0.81974486875,1317.7234708883711,14.104808537777778,11519.495613333333,3699587.0555555555,31.166666666666668,0.0,0.0,0.0,0.0,0.0,0.0,0.0,0.0,0.0,0.0,0.0,0.0,0.0,0.0,0.0,0.0,0.0,0.0,0.0,0.0,0.0,0.0,0.0,0.0,0.0,0.0,0.0,0.0,0.0,0.0,0.0,0.0,0.0,0.0,0.0,0.0,0.0,0.0,0.0,0.0,0.0,0.0,0.0,11.0,11.0,11.0,0.0,0.0,0.0,0.0,0.0,0.0,0.0,0.0,0.0,0.0,0.0,0.0,0.0,0.0,0.0,0.0,0.0,41.2545,-95.97580000000002,0,0,0,0,0,0,0,0,0,0,0,0,0,0,0,0,0,0,0,0,0,0,0,0,0
118,"Orange County, CA",United States,2.899999999999999,2.5947999999999998,62794.58565223982,91.0,0.81974486875,1909.2357577766188,13.607020393846152,10956.409404615386,7234936.807692308,37.69230769230769,0.0,0.0,0.0,0.0,0.0,1.0,1.0,1.0,1.0,1.0,1.0,0.0,0.0,0.0,0.0,0.0,0.0,0.0,0.0,0.0,0.0,0.0,0.0,0.0,0.0,0.0,0.0,0.0,0.0,0.0,1.0,1.0,1.0,1.0,1.0,1.0,1.0,1.0,1.0,1.0,1.0,1.0,1.0,1.0,1.0,1.0,1.0,1.0,1.0,1.0,1.0,1.0,1.0,1.0,1.0,1.0,1.0,1.0,1.0,1.0,1.0,1.0,3.0,33.78789999999999,-117.85310000000003,0,0,0,0,0,0,0,0,0,0,0,0,0,0,0,0,0,0,0,0,0,0,0,0,0
119,"Placer County, CA",United States,2.8999999999999995,2.5947999999999998,62794.5856522398,91.0,0.81974486875,1216.5690249076904,13.43846185,10404.971338750001,6016842.9375,33.0625,0.0,0.0,0.0,0.0,0.0,0.0,0.0,0.0,0.0,0.0,0.0,0.0,0.0,0.0,0.0,0.0,0.0,0.0,0.0,0.0,0.0,0.0,0.0,0.0,0.0,0.0,0.0,0.0,0.0,0.0,0.0,0.0,0.0,0.0,0.0,0.0,0.0,0.0,0.0,0.0,0.0,0.0,0.0,0.0,0.0,0.0,0.0,0.0,0.0,0.0,0.0,0.0,0.0,0.0,0.0,0.0,0.0,0.0,0.0,0.0,1.0,1.0,2.0,39.0916,-120.8039,0,0,0,0,0,0,0,0,0,0,0,0,0,0,0,0,0,0,0,0,0,0,0,0,0
120,"Providence, RI",United States,2.899999999999999,2.5947999999999998,62794.585652239824,91.0,0.81974486875,2070.3383372134504,14.136233067777779,11905.695044444445,7259667.861111111,51.611111111111114,0.0,0.0,0.0,0.0,0.0,0.0,0.0,0.0,0.0,0.0,0.0,0.0,0.0,0.0,0.0,0.0,0.0,0.0,0.0,0.0,0.0,0.0,0.0,0.0,0.0,0.0,0.0,0.0,0.0,0.0,0.0,0.0,0.0,0.0,0.0,0.0,0.0,0.0,0.0,0.0,0.0,0.0,0.0,0.0,0.0,0.0,0.0,0.0,0.0,0.0,0.0,0.0,0.0,0.0,0.0,0.0,0.0,0.0,0.0,1.0,2.0,2.0,2.0,41.82399999999999,-71.41280000000003,0,0,0,0,0,0,0,0,0,0,0,0,0,0,0,0,0,0,0,0,0,0,0,0,0
121,Qinghai,China,4.2,1.7855,18236.6129816498,94.30769230769229,0.6762940894999999,393.60400000000004,7.017693089,2043.3753140000001,299523.0,7.0,0.0,0.0,0.0,0.0,1.0,1.0,6.0,6.0,6.0,8.0,8.0,0.0,0.0,0.0,0.0,0.0,0.0,0.0,0.0,0.0,0.0,0.0,0.0,0.0,0.0,0.0,0.0,0.0,0.0,0.0,9.0,18.0,18.0,18.0,18.0,18.0,18.0,18.0,18.0,18.0,18.0,11.0,18.0,18.0,18.0,18.0,18.0,18.0,18.0,18.0,18.0,18.0,13.0,15.0,17.0,18.0,18.0,18.0,18.0,18.0,18.0,18.0,18.0,35.7452,95.9956,0,0,0,0,0,0,0,0,0,0,0,0,0,0,0,0,0,0,0,0,0,0,0,0,0
122,Queensland,Australia,3.8,3.5874,51663.3650948449,89.76923076923076,0.8179957652500001,1222.29826,11.821824168,7764.813505799999,3773732.3,13.9,0.0,0.0,0.0,0.0,0.0,0.0,0.0,0.0,1.0,3.0,2.0,0.0,0.0,0.0,0.0,0.0,0.0,0.0,0.0,0.0,0.0,0.0,0.0,0.0,0.0,0.0,0.0,0.0,0.0,0.0,3.0,5.0,5.0,5.0,5.0,5.0,5.0,5.0,5.0,5.0,5.0,2.0,5.0,5.0,5.0,5.0,5.0,5.0,5.0,5.0,5.0,9.0,2.0,3.0,3.0,4.0,5.0,5.0,5.0,9.0,9.0,11.0,11.0,-28.016700000000004,153.4,0,0,0,0,0,0,0,0,0,0,0,0,0,0,0,0,0,0,0,0,0,0,0,0,0
123,"Sacramento County, CA",United States,2.8999999999999995,2.5947999999999998,62794.5856522398,91.0,0.81974486875,1273.527289816937,13.413614958888887,10451.082398888891,5400498.888888889,30.166666666666668,0.0,0.0,0.0,0.0,0.0,0.0,0.0,0.0,0.0,0.0,0.0,0.0,0.0,0.0,0.0,0.0,0.0,0.0,0.0,0.0,0.0,0.0,0.0,0.0,0.0,0.0,0.0,0.0,0.0,0.0,0.0,0.0,0.0,0.0,0.0,0.0,0.0,0.0,0.0,0.0,0.0,0.0,0.0,1.0,1.0,1.0,1.0,1.0,1.0,2.0,2.0,2.0,0.0,0.0,0.0,0.0,0.0,0.0,0.0,2.0,2.0,2.0,2.0,38.47469999999999,-121.35420000000002,0,0,0,0,0,0,0,0,0,0,0,0,0,0,0,0,0,0,0,0,0,0,0,0,0
124,"San Antonio, TX",United States,2.899999999999999,2.5947999999999998,62794.58565223982,91.0,0.81974486875,1799.7524864465663,15.124049070000002,12527.40985692308,6999737.0,43.84615384615385,0.0,0.0,0.0,0.0,0.0,0.0,0.0,0.0,0.0,0.0,0.0,0.0,0.0,0.0,0.0,0.0,0.0,0.0,0.0,0.0,0.0,0.0,0.0,0.0,0.0,0.0,0.0,0.0,0.0,0.0,0.0,0.0,0.0,0.0,1.0,1.0,1.0,1.0,1.0,1.0,1.0,0.0,1.0,1.0,1.0,1.0,1.0,1.0,1.0,1.0,1.0,1.0,0.0,0.0,0.0,0.0,0.0,0.0,0.0,1.0,1.0,1.0,1.0,29.424100000000006,-98.4936,0,0,0,0,0,0,0,0,0,0,0,0,0,0,0,0,0,0,0,0,0,0,0,0,0
125,"San Benito, CA",United States,2.899999999999999,2.5947999999999998,62794.58565223982,91.0,0.81974486875,1519.0644678873416,13.582981937692304,10685.191486153846,7766228.615384615,37.26923076923077,0.0,0.0,0.0,0.0,0.0,0.0,0.0,0.0,0.0,0.0,0.0,0.0,0.0,0.0,0.0,0.0,0.0,0.0,0.0,0.0,0.0,0.0,0.0,0.0,0.0,0.0,0.0,0.0,0.0,0.0,0.0,2.0,2.0,2.0,2.0,2.0,2.0,2.0,2.0,2.0,2.0,0.0,2.0,2.0,2.0,2.0,2.0,2.0,2.0,2.0,2.0,2.0,2.0,2.0,2.0,2.0,2.0,2.0,2.0,2.0,2.0,2.0,2.0,36.5761,-120.98759999999999,0,0,0,0,0,0,0,0,0,0,0,0,0,0,0,0,0,0,0,0,0,0,0,0,0
126,"San Diego County, CA",United States,2.899999999999999,2.5947999999999998,62794.58565223982,91.0,0.81974486875,1956.8437491848633,13.778637462499999,11054.641716666667,9771686.958333334,46.916666666666664,0.0,0.0,0.0,0.0,0.0,0.0,0.0,0.0,0.0,0.0,0.0,0.0,0.0,0.0,0.0,0.0,0.0,0.0,0.0,0.0,0.0,0.0,0.0,0.0,0.0,0.0,0.0,0.0,0.0,0.0,0.0,0.0,1.0,1.0,2.0,2.0,2.0,2.0,2.0,2.0,2.0,0.0,2.0,2.0,2.0,2.0,2.0,2.0,2.0,2.0,2.0,2.0,0.0,0.0,0.0,0.0,0.0,0.0,0.0,2.0,2.0,2.0,2.0,32.71569999999999,-117.16110000000002,0,0,0,0,0,0,0,0,0,0,0,0,0,0,0,0,0,0,0,0,0,0,0,0,0
127,"San Mateo, CA",United States,2.8999999999999995,2.5947999999999998,62794.5856522398,91.0,0.81974486875,1306.9565552107206,13.431167132499997,10506.19653125,6028909.9375,32.875,0.0,0.0,0.0,0.0,0.0,0.0,0.0,0.0,0.0,0.0,0.0,0.0,0.0,0.0,0.0,0.0,0.0,0.0,0.0,0.0,0.0,0.0,0.0,0.0,0.0,0.0,0.0,0.0,0.0,0.0,0.0,0.0,0.0,0.0,0.0,0.0,0.0,0.0,0.0,0.0,0.0,0.0,0.0,0.0,0.0,0.0,0.0,0.0,0.0,0.0,0.0,0.0,0.0,0.0,0.0,0.0,0.0,0.0,0.0,0.0,1.0,2.0,2.0,37.562999999999995,-122.32550000000002,0,0,0,0,0,0,0,0,0,0,0,0,0,0,0,0,0,0,0,0,0,0,0,0,0
128,"Santa Clara, CA",United States,2.8999999999999995,2.5947999999999998,62794.58565223981,91.0,0.81974486875,1404.5962232535442,13.352811110999998,10593.249609,9085744.6,42.7,0.0,0.0,0.0,0.0,0.0,0.0,0.0,0.0,0.0,0.0,1.0,0.0,0.0,0.0,0.0,0.0,0.0,0.0,0.0,0.0,0.0,0.0,0.0,0.0,0.0,0.0,0.0,0.0,0.0,0.0,1.0,2.0,2.0,2.0,2.0,2.0,2.0,2.0,2.0,2.0,2.0,1.0,2.0,2.0,2.0,2.0,2.0,2.0,2.0,2.0,2.0,3.0,2.0,2.0,2.0,2.0,2.0,2.0,2.0,3.0,9.0,11.0,11.0,37.35410000000001,-121.95520000000002,0,0,0,0,0,0,0,0,0,0,0,0,0,0,0,0,0,0,0,0,0,0,0,0,0
129,"Sarasota, FL",United States,2.899999999999999,2.5947999999999998,62794.58565223983,91.0,0.81974486875,1444.7565200678705,14.933161685263158,13328.499691052633,4498922.105263158,39.23684210526316,0.0,0.0,0.0,0.0,0.0,0.0,0.0,0.0,0.0,0.0,0.0,0.0,0.0,0.0,0.0,0.0,0.0,0.0,0.0,0.0,0.0,0.0,0.0,0.0,0.0,0.0,0.0,0.0,0.0,0.0,0.0,0.0,0.0,0.0,0.0,0.0,0.0,0.0,0.0,0.0,0.0,0.0,0.0,0.0,0.0,0.0,0.0,0.0,0.0,0.0,0.0,0.0,0.0,0.0,0.0,0.0,0.0,0.0,0.0,0.0,1.0,1.0,1.0,27.336400000000015,-82.53070000000001,0,0,0,0,0,0,0,0,0,0,0,0,0,0,0,0,0,0,0,0,0,0,0,0,0
130,Shaanxi,China,4.200000000000001,1.7854999999999996,18236.612981649807,94.30769230769229,0.6762940895,1137.3960987015314,5.82698878307143,689.1846399214284,3067888.8214285714,28.464285714285715,0.0,0.0,3.0,5.0,15.0,22.0,35.0,46.0,56.0,63.0,87.0,0.0,0.0,0.0,0.0,0.0,0.0,0.0,0.0,0.0,0.0,0.0,0.0,0.0,0.0,0.0,0.0,0.0,0.0,0.0,101.0,213.0,219.0,225.0,229.0,230.0,232.0,236.0,240.0,240.0,242.0,116.0,245.0,245.0,245.0,245.0,245.0,245.0,245.0,245.0,245.0,245.0,128.0,142.0,165.0,173.0,184.0,195.0,208.0,245.0,245.0,245.0,245.0,35.19169999999998,108.87010000000002,0,0,0,0,0,0,0,0,0,0,0,0,0,0,0,0,0,0,0,0,0,0,0,0,0
131,Shandong,China,4.200000000000001,1.7854999999999996,18236.612981649807,94.30769230769232,0.6762940895000003,1410.8477349716757,5.92612188565,709.9086813899999,5394360.575,40.025,0.0,2.0,6.0,15.0,27.0,46.0,75.0,95.0,130.0,158.0,184.0,0.0,0.0,0.0,0.0,0.0,0.0,0.0,0.0,0.0,0.0,0.0,0.0,0.0,0.0,0.0,0.0,0.0,0.0,0.0,206.0,466.0,487.0,497.0,509.0,523.0,532.0,537.0,541.0,543.0,544.0,230.0,546.0,749.0,750.0,754.0,755.0,756.0,756.0,756.0,756.0,756.0,259.0,275.0,307.0,347.0,386.0,416.0,444.0,758.0,758.0,758.0,758.0,36.3427,118.14979999999998,0,0,0,0,0,0,0,0,0,0,0,0,0,0,0,0,0,0,0,0,0,0,0,0,0
132,Shanghai,China,4.200000000000001,1.7854999999999996,18236.612981649807,94.30769230769232,0.6762940895000003,1555.765015753755,5.472325297842106,589.343259963158,5099319.842105263,36.473684210526315,1.0,9.0,16.0,20.0,33.0,40.0,53.0,66.0,96.0,112.0,135.0,0.0,0.0,0.0,0.0,0.0,0.0,0.0,0.0,0.0,0.0,0.0,0.0,0.0,0.0,0.0,0.0,0.0,0.0,0.0,169.0,299.0,303.0,311.0,315.0,318.0,326.0,328.0,333.0,333.0,333.0,182.0,334.0,334.0,335.0,335.0,335.0,336.0,337.0,337.0,337.0,337.0,203.0,219.0,243.0,257.0,277.0,286.0,293.0,337.0,337.0,338.0,338.0,31.201999999999998,121.4491,0,0,0,0,0,0,0,0,0,0,0,0,0,0,0,0,0,0,0,0,0,0,0,0,0
133,Shanxi,China,4.200000000000001,1.7854999999999999,18236.612981649807,94.30769230769232,0.6762940895000003,1395.04865543389,6.043896758111114,817.1152539055553,6152826.722222222,43.44444444444444,1.0,1.0,1.0,1.0,6.0,9.0,13.0,27.0,27.0,35.0,39.0,0.0,0.0,0.0,0.0,0.0,0.0,0.0,0.0,0.0,0.0,0.0,0.0,0.0,0.0,0.0,0.0,0.0,0.0,0.0,47.0,119.0,124.0,126.0,126.0,127.0,128.0,129.0,130.0,131.0,131.0,66.0,132.0,132.0,132.0,132.0,133.0,133.0,133.0,133.0,133.0,133.0,74.0,81.0,81.0,96.0,104.0,115.0,119.0,133.0,133.0,133.0,133.0,37.577700000000014,112.29220000000004,0,0,0,0,0,0,0,0,0,0,0,0,0,0,0,0,0,0,0,0,0,0,0,0,0
134,Sichuan,China,4.2,1.7855000000000003,18236.6129816498,94.30769230769228,0.6762940894999999,1538.3538150983209,6.235510551125001,1016.266066475,4649676.5,30.875,0.0,5.0,8.0,15.0,28.0,44.0,69.0,90.0,108.0,142.0,177.0,0.0,0.0,0.0,0.0,0.0,0.0,0.0,0.0,0.0,0.0,0.0,0.0,0.0,0.0,0.0,0.0,0.0,0.0,0.0,207.0,405.0,417.0,436.0,451.0,463.0,470.0,481.0,495.0,508.0,514.0,231.0,520.0,525.0,526.0,526.0,527.0,529.0,531.0,534.0,538.0,538.0,254.0,282.0,301.0,321.0,344.0,364.0,386.0,538.0,538.0,538.0,538.0,30.617099999999997,102.71029999999999,0,0,0,0,0,0,0,0,0,0,0,0,0,0,0,0,0,0,0,0,0,0,0,0,0
135,"Snohomish County, WA",United States,2.899999999999999,2.5947999999999998,62794.58565223982,91.0,0.81974486875,1742.7712501984126,12.560520983083334,9644.247048749998,3017027.7083333335,22.083333333333332,0.0,0.0,0.0,0.0,0.0,0.0,0.0,0.0,0.0,0.0,0.0,0.0,0.0,0.0,0.0,0.0,0.0,0.0,0.0,0.0,0.0,0.0,0.0,0.0,0.0,0.0,0.0,0.0,0.0,0.0,0.0,0.0,0.0,0.0,0.0,0.0,0.0,0.0,0.0,0.0,0.0,0.0,0.0,0.0,0.0,0.0,0.0,0.0,0.0,0.0,0.0,1.0,0.0,0.0,0.0,0.0,0.0,0.0,0.0,2.0,4.0,6.0,8.0,48.03300000000001,-121.83390000000001,0,0,0,0,0,0,0,0,0,0,0,0,0,0,0,0,0,0,0,0,0,0,0,0,0
136,"Sonoma County, CA",United States,2.8999999999999995,2.5947999999999998,62794.5856522398,91.0,0.81974486875,1216.5690249076904,13.43846185,10404.971338750001,6016842.9375,33.0625,0.0,0.0,0.0,0.0,0.0,0.0,0.0,0.0,0.0,0.0,0.0,0.0,0.0,0.0,0.0,0.0,0.0,0.0,0.0,0.0,0.0,0.0,0.0,0.0,0.0,0.0,0.0,0.0,0.0,0.0,0.0,0.0,0.0,0.0,0.0,0.0,0.0,0.0,0.0,0.0,0.0,0.0,0.0,0.0,0.0,0.0,0.0,0.0,0.0,0.0,0.0,0.0,0.0,0.0,0.0,0.0,0.0,0.0,0.0,0.0,1.0,1.0,1.0,38.578,-122.98879999999998,0,0,0,0,0,0,0,0,0,0,0,0,0,0,0,0,0,0,0,0,0,0,0,0,0
137,South Australia,Australia,3.8,3.5874,51663.3650948449,89.76923076923076,0.8179957652500001,1320.783,11.56611922,7741.497823000001,4557817.5,17.5,0.0,0.0,0.0,0.0,0.0,0.0,0.0,0.0,0.0,0.0,0.0,0.0,0.0,0.0,0.0,0.0,0.0,0.0,0.0,0.0,0.0,0.0,0.0,0.0,0.0,0.0,0.0,0.0,0.0,0.0,1.0,2.0,2.0,2.0,2.0,2.0,2.0,2.0,2.0,2.0,2.0,2.0,2.0,2.0,2.0,2.0,2.0,2.0,2.0,2.0,2.0,3.0,2.0,2.0,2.0,2.0,2.0,2.0,2.0,3.0,3.0,3.0,5.0,-34.9285,138.6007,0,0,0,0,0,0,0,0,0,0,0,0,0,0,0,0,0,0,0,0,0,0,0,0,0
138,Taiwan,"Taiwan, Province of China",2.8999999999999995,2.5947999999999998,34438.39850000646,91.0,0.6450089385000001,1431.9519652227639,6.364001664071429,943.1230346,4093108.5,33.32142857142857,0.0,1.0,1.0,3.0,3.0,4.0,5.0,8.0,8.0,9.0,10.0,0.0,0.0,0.0,0.0,0.0,0.0,0.0,0.0,0.0,0.0,0.0,0.0,0.0,0.0,0.0,0.0,0.0,0.0,0.0,10.0,18.0,18.0,18.0,18.0,18.0,18.0,20.0,22.0,22.0,23.0,10.0,24.0,26.0,26.0,28.0,30.0,31.0,32.0,32.0,34.0,39.0,10.0,11.0,11.0,16.0,16.0,17.0,18.0,40.0,41.0,42.0,42.0,23.699999999999992,121.0,0,0,0,0,0,0,0,0,0,0,0,0,0,0,0,0,0,0,0,0,0,0,0,0,0
139,Tasmania,Australia,3.7999999999999994,3.5874,51663.3650948449,89.76923076923076,0.8179957652500001,3827.922666666667,11.660840983333332,8418.602001000001,6893366.166666667,18.333333333333332,0.0,0.0,0.0,0.0,0.0,0.0,0.0,0.0,0.0,0.0,0.0,0.0,0.0,0.0,0.0,0.0,0.0,0.0,0.0,0.0,0.0,0.0,0.0,0.0,0.0,0.0,0.0,0.0,0.0,0.0,0.0,0.0,0.0,0.0,0.0,0.0,0.0,0.0,0.0,0.0,0.0,0.0,0.0,0.0,0.0,0.0,0.0,0.0,0.0,0.0,0.0,0.0,0.0,0.0,0.0,0.0,0.0,0.0,0.0,0.0,1.0,1.0,1.0,-41.4545,145.9707,0,0,0,0,0,0,0,0,0,0,0,0,0,0,0,0,0,0,0,0,0,0,0,0,0
140,"Tempe, AZ",United States,2.8999999999999995,2.5947999999999998,62794.5856522398,91.0,0.81974486875,1926.9571822530863,14.071941071111112,11308.06647,7510118.833333333,43.888888888888886,0.0,0.0,0.0,0.0,0.0,1.0,1.0,1.0,1.0,1.0,1.0,0.0,0.0,0.0,0.0,0.0,0.0,0.0,0.0,0.0,0.0,0.0,0.0,0.0,0.0,0.0,0.0,0.0,0.0,0.0,1.0,1.0,1.0,1.0,1.0,1.0,1.0,1.0,1.0,1.0,1.0,1.0,1.0,1.0,1.0,1.0,1.0,1.0,1.0,1.0,1.0,1.0,1.0,1.0,1.0,1.0,1.0,1.0,1.0,1.0,1.0,1.0,1.0,33.4255,-111.94000000000003,0,0,0,0,0,0,0,0,0,0,0,0,0,0,0,0,0,0,0,0,0,0,0,0,0
141,Tianjin,China,4.200000000000001,1.7854999999999996,18236.612981649807,94.3076923076923,0.6762940895000001,1610.1427775900863,5.811432263866667,933.5437529333333,6768894.333333333,47.46666666666667,0.0,4.0,4.0,8.0,10.0,14.0,23.0,24.0,27.0,31.0,32.0,0.0,0.0,0.0,0.0,0.0,0.0,0.0,0.0,0.0,0.0,0.0,0.0,0.0,0.0,0.0,0.0,0.0,0.0,0.0,41.0,95.0,106.0,112.0,119.0,120.0,122.0,124.0,125.0,128.0,130.0,48.0,131.0,132.0,135.0,135.0,135.0,135.0,135.0,136.0,136.0,136.0,60.0,67.0,69.0,79.0,81.0,88.0,91.0,136.0,136.0,136.0,136.0,39.3054,117.32300000000004,0,0,0,0,0,0,0,0,0,0,0,0,0,0,0,0,0,0,0,0,0,0,0,0,0
142,Tibet,China,4.2,1.7855,18236.6129816498,94.30769230769229,0.6762940894999999,765.9554,6.611693532000001,2245.085184,1476307.5,11.5,0.0,0.0,0.0,0.0,0.0,0.0,0.0,0.0,0.0,1.0,1.0,0.0,0.0,0.0,0.0,0.0,0.0,0.0,0.0,0.0,0.0,0.0,0.0,0.0,0.0,0.0,0.0,0.0,0.0,0.0,1.0,1.0,1.0,1.0,1.0,1.0,1.0,1.0,1.0,1.0,1.0,1.0,1.0,1.0,1.0,1.0,1.0,1.0,1.0,1.0,1.0,1.0,1.0,1.0,1.0,1.0,1.0,1.0,1.0,1.0,1.0,1.0,1.0,31.6927,88.0924,0,0,0,0,0,0,0,0,0,0,0,0,0,0,0,0,0,0,0,0,0,0,0,0,0
143,"Toronto, ON",Canada,2.700000000000001,2.6101999999999994,48130.255972504274,99.46153846153851,0.8893884466249999,1516.216844317232,13.746974812655502,11708.286730358852,3826276.019138756,37.24760765550239,0.0,0.0,0.0,0.0,0.0,1.0,1.0,1.0,1.0,1.0,2.0,0.0,0.0,0.0,0.0,0.0,0.0,0.0,0.0,0.0,0.0,0.0,0.0,0.0,0.0,0.0,0.0,0.0,0.0,0.0,2.0,2.0,2.0,2.0,2.0,2.0,2.0,2.0,2.0,2.0,2.0,2.0,2.0,2.0,2.0,2.0,3.0,3.0,3.0,5.0,5.0,10.0,2.0,2.0,2.0,2.0,2.0,2.0,2.0,14.0,17.0,19.0,19.0,43.65319999999998,-79.3832,0,0,0,0,0,0,0,0,0,0,0,0,0,0,0,0,0,0,0,0,0,0,0,0,0
144,"Travis, CA (From Diamond Princess)",United States,2.8999999999999995,2.5947999999999998,62794.5856522398,91.0,0.81974486875,1273.527289816937,13.413614958888887,10451.082398888891,5400498.888888889,30.166666666666668,0.0,0.0,0.0,0.0,0.0,0.0,0.0,0.0,0.0,0.0,0.0,0.0,0.0,0.0,0.0,0.0,0.0,0.0,0.0,0.0,0.0,0.0,0.0,0.0,0.0,0.0,0.0,0.0,0.0,0.0,0.0,0.0,0.0,0.0,0.0,0.0,0.0,0.0,0.0,0.0,0.0,0.0,0.0,5.0,5.0,5.0,0.0,0.0,0.0,0.0,0.0,0.0,0.0,0.0,0.0,0.0,0.0,0.0,0.0,0.0,0.0,0.0,0.0,38.2721,-121.93989999999998,0,0,0,0,0,0,0,0,0,0,0,0,0,0,0,0,0,0,0,0,0,0,0,0,0
145,"Umatilla, OR",United States,2.899999999999999,2.5947999999999998,62794.58565223982,91.0,0.81974486875,1476.884333531746,13.1751322025,9818.80249375,2318496.0833333335,18.791666666666668,0.0,0.0,0.0,0.0,0.0,0.0,0.0,0.0,0.0,0.0,0.0,0.0,0.0,0.0,0.0,0.0,0.0,0.0,0.0,0.0,0.0,0.0,0.0,0.0,0.0,0.0,0.0,0.0,0.0,0.0,0.0,0.0,0.0,0.0,0.0,0.0,0.0,0.0,0.0,0.0,0.0,0.0,0.0,0.0,0.0,0.0,0.0,0.0,0.0,0.0,0.0,0.0,0.0,0.0,0.0,0.0,0.0,0.0,0.0,0.0,1.0,1.0,1.0,45.774999999999984,-118.76060000000001,0,0,0,0,0,0,0,0,0,0,0,0,0,0,0,0,0,0,0,0,0,0,0,0,0
146,Unassigned Location (From Diamond Princess),United States,2.899999999999999,2.5947999999999998,62794.58565223983,91.0,0.81974486875,7594.105000664323,11.030660730315788,2287.4987698421046,5810211.736842105,20.31578947368421,0.0,0.0,0.0,0.0,0.0,0.0,0.0,0.0,0.0,0.0,0.0,0.0,0.0,0.0,0.0,0.0,0.0,0.0,0.0,0.0,0.0,0.0,0.0,0.0,0.0,0.0,0.0,0.0,0.0,0.0,0.0,0.0,0.0,0.0,0.0,0.0,0.0,0.0,0.0,0.0,0.0,0.0,0.0,0.0,0.0,0.0,36.0,36.0,42.0,42.0,44.0,44.0,0.0,0.0,0.0,0.0,0.0,0.0,0.0,44.0,45.0,45.0,45.0,35.4437,139.63799999999998,0,0,0,0,0,0,0,0,0,0,0,0,0,0,0,0,0,0,0,0,0,0,0,0,0
147,Victoria,Australia,3.8,3.5874,51663.3650948449,89.76923076923076,0.8179957652500001,3501.787375,11.894677117499999,8366.74303175,5738595.125,15.75,0.0,0.0,0.0,0.0,0.0,1.0,1.0,1.0,1.0,2.0,3.0,0.0,0.0,0.0,0.0,0.0,0.0,0.0,0.0,0.0,0.0,0.0,0.0,0.0,0.0,0.0,0.0,0.0,0.0,0.0,4.0,4.0,4.0,4.0,4.0,4.0,4.0,4.0,4.0,4.0,4.0,4.0,4.0,4.0,4.0,4.0,4.0,4.0,4.0,4.0,4.0,7.0,4.0,4.0,4.0,4.0,4.0,4.0,4.0,7.0,9.0,9.0,10.0,-37.8136,144.9631,0,0,0,0,0,0,0,0,0,0,0,0,0,0,0,0,0,0,0,0,0,0,0,0,0
148,"Wake County, NC",United States,2.899999999999999,2.5947999999999998,62794.58565223983,91.0,0.81974486875,1364.9282180188698,14.896349248780718,12453.901454650286,3822454.764650284,30.13468809073724,0.0,0.0,0.0,0.0,0.0,0.0,0.0,0.0,0.0,0.0,0.0,0.0,0.0,0.0,0.0,0.0,0.0,0.0,0.0,0.0,0.0,0.0,0.0,0.0,0.0,0.0,0.0,0.0,0.0,0.0,0.0,0.0,0.0,0.0,0.0,0.0,0.0,0.0,0.0,0.0,0.0,0.0,0.0,0.0,0.0,0.0,0.0,0.0,0.0,0.0,0.0,0.0,0.0,0.0,0.0,0.0,0.0,0.0,0.0,0.0,0.0,1.0,1.0,35.80319999999998,-78.5661,0,0,0,0,0,0,0,0,0,0,0,0,0,0,0,0,0,0,0,0,0,0,0,0,0
149,"Washington County, OR",United States,2.899999999999999,2.5947999999999998,62794.58565223981,91.0,0.81974486875,1689.387033549784,12.74912763881818,9695.015665,3217086.4545454546,22.954545454545453,0.0,0.0,0.0,0.0,0.0,0.0,0.0,0.0,0.0,0.0,0.0,0.0,0.0,0.0,0.0,0.0,0.0,0.0,0.0,0.0,0.0,0.0,0.0,0.0,0.0,0.0,0.0,0.0,0.0,0.0,0.0,0.0,0.0,0.0,0.0,0.0,0.0,0.0,0.0,0.0,0.0,0.0,0.0,0.0,0.0,0.0,0.0,0.0,0.0,0.0,0.0,1.0,0.0,0.0,0.0,0.0,0.0,0.0,0.0,1.0,2.0,2.0,2.0,45.547000000000004,-123.1386,0,0,0,0,0,0,0,0,0,0,0,0,0,0,0,0,0,0,0,0,0,0,0,0,0
150,"Westchester County, NY",United States,2.899999999999999,2.5947999999999998,62794.58565223983,91.0,0.81974486875,2011.1992142467932,14.075728355652176,11919.009779130434,7824701.782608695,57.130434782608695,0.0,0.0,0.0,0.0,0.0,0.0,0.0,0.0,0.0,0.0,0.0,0.0,0.0,0.0,0.0,0.0,0.0,0.0,0.0,0.0,0.0,0.0,0.0,0.0,0.0,0.0,0.0,0.0,0.0,0.0,0.0,0.0,0.0,0.0,0.0,0.0,0.0,0.0,0.0,0.0,0.0,0.0,0.0,0.0,0.0,0.0,0.0,0.0,0.0,0.0,0.0,0.0,0.0,0.0,0.0,0.0,0.0,0.0,0.0,0.0,0.0,1.0,10.0,41.121999999999986,-73.79490000000004,0,0,0,0,0,0,0,0,0,0,0,0,0,0,0,0,0,0,0,0,0,0,0,0,0
151,Western Australia,Australia,3.8,3.5874,51663.3650948449,89.76923076923076,0.8179957652500001,2036.118,10.81006227,6979.038998999999,8488371.0,31.0,0.0,0.0,0.0,0.0,0.0,0.0,0.0,0.0,0.0,0.0,0.0,0.0,0.0,0.0,0.0,0.0,0.0,0.0,0.0,0.0,0.0,0.0,0.0,0.0,0.0,0.0,0.0,0.0,0.0,0.0,0.0,0.0,0.0,0.0,0.0,0.0,0.0,0.0,0.0,0.0,0.0,0.0,0.0,0.0,0.0,0.0,0.0,0.0,0.0,0.0,0.0,2.0,0.0,0.0,0.0,0.0,0.0,0.0,0.0,2.0,2.0,2.0,2.0,-31.9505,115.8605,0,0,0,0,0,0,0,0,0,0,0,0,0,0,0,0,0,0,0,0,0,0,0,0,0
152,Xinjiang,China,4.2,1.7855,18236.6129816498,94.30769230769229,0.6762940894999999,848.4544107142856,5.4702084725,3001.1806262500004,2552818.25,17.875,1.0,0.0,2.0,2.0,3.0,4.0,5.0,10.0,13.0,14.0,17.0,0.0,0.0,0.0,0.0,0.0,0.0,0.0,0.0,0.0,0.0,0.0,0.0,0.0,0.0,0.0,0.0,0.0,0.0,0.0,18.0,49.0,55.0,59.0,63.0,65.0,70.0,71.0,75.0,76.0,76.0,21.0,76.0,76.0,76.0,76.0,76.0,76.0,76.0,76.0,76.0,76.0,24.0,29.0,32.0,36.0,39.0,42.0,45.0,76.0,76.0,76.0,76.0,41.1129,85.2401,0,0,0,0,0,0,0,0,0,0,0,0,0,0,0,0,0,0,0,0,0,0,0,0,0
153,Yunnan,China,4.2,1.7855,18236.6129816498,94.30769230769228,0.6762940894999999,1153.9560680482068,5.530421975888888,1497.3114186666667,2889152.722222222,17.61111111111111,0.0,1.0,2.0,5.0,11.0,16.0,26.0,44.0,55.0,70.0,83.0,0.0,0.0,0.0,0.0,0.0,0.0,0.0,0.0,0.0,0.0,0.0,0.0,0.0,0.0,0.0,0.0,0.0,0.0,0.0,93.0,149.0,153.0,154.0,156.0,162.0,168.0,171.0,171.0,172.0,172.0,105.0,174.0,174.0,174.0,174.0,174.0,174.0,174.0,174.0,174.0,174.0,117.0,122.0,128.0,133.0,138.0,138.0,141.0,174.0,174.0,174.0,174.0,24.973999999999997,101.487,0,0,0,0,0,0,0,0,0,0,0,0,0,0,0,0,0,0,0,0,0,0,0,0,0
154,Zhejiang,China,4.200000000000002,1.7854999999999996,18236.61298164981,94.30769230769232,0.6762940895000003,1504.8049966310389,5.689055170227274,611.3216544636364,5948651.2727272725,41.02272727272727,1.0,10.0,27.0,43.0,62.0,104.0,128.0,173.0,296.0,428.0,538.0,0.0,0.0,0.0,0.0,0.0,0.0,0.0,0.0,0.0,0.0,0.0,0.0,0.0,0.0,0.0,0.0,0.0,0.0,0.0,599.0,1092.0,1117.0,1131.0,1145.0,1155.0,1162.0,1167.0,1171.0,1172.0,1174.0,661.0,1175.0,1203.0,1205.0,1205.0,1205.0,1205.0,1205.0,1205.0,1205.0,1205.0,724.0,829.0,895.0,954.0,1006.0,1048.0,1075.0,1205.0,1206.0,1213.0,1213.0,29.183199999999996,120.09340000000003,0,0,0,0,0,0,0,0,0,0,0,0,0,0,0,0,0,0,0,0,0,0,0,0,0
